model,reference_type,model_seed,eval_seed,report_id,icare_score
chexpert-mimic-cxr-findings-baseline,gt_reports_as_ref,1,123,0,88.88888888888889
chexpert-mimic-cxr-findings-baseline,gt_reports_as_ref,1,123,1,100.0
chexpert-mimic-cxr-findings-baseline,gt_reports_as_ref,1,123,2,0.0
chexpert-mimic-cxr-findings-baseline,gt_reports_as_ref,1,123,3,54.54545454545454
chexpert-mimic-cxr-findings-baseline,gt_reports_as_ref,1,123,4,100.0
chexpert-mimic-cxr-findings-baseline,gt_reports_as_ref,1,123,5,90.0
chexpert-mimic-cxr-findings-baseline,gt_reports_as_ref,1,123,6,100.0
chexpert-mimic-cxr-findings-baseline,gt_reports_as_ref,1,123,7,80.0
chexpert-mimic-cxr-findings-baseline,gt_reports_as_ref,1,123,8,100.0
chexpert-mimic-cxr-findings-baseline,gt_reports_as_ref,1,123,9,81.81818181818183
chexpert-mimic-cxr-findings-baseline,gt_reports_as_ref,1,123,10,87.5
chexpert-mimic-cxr-findings-baseline,gt_reports_as_ref,1,123,11,100.0
chexpert-mimic-cxr-findings-baseline,gt_reports_as_ref,1,123,12,100.0
chexpert-mimic-cxr-findings-baseline,gt_reports_as_ref,1,123,13,70.58823529411765
chexpert-mimic-cxr-findings-baseline,gt_reports_as_ref,1,123,14,100.0
chexpert-mimic-cxr-findings-baseline,gt_reports_as_ref,1,123,15,50.0
chexpert-mimic-cxr-findings-baseline,gt_reports_as_ref,1,123,16,50.0
chexpert-mimic-cxr-findings-baseline,gt_reports_as_ref,1,123,17,75.0
chexpert-mimic-cxr-findings-baseline,gt_reports_as_ref,1,123,18,100.0
chexpert-mimic-cxr-findings-baseline,gt_reports_as_ref,1,123,19,92.3076923076923
chexpert-mimic-cxr-findings-baseline,gt_reports_as_ref,1,123,20,88.88888888888889
chexpert-mimic-cxr-findings-baseline,gt_reports_as_ref,1,123,21,80.0
chexpert-mimic-cxr-findings-baseline,gt_reports_as_ref,1,123,22,80.0
chexpert-mimic-cxr-findings-baseline,gt_reports_as_ref,1,123,23,62.5
chexpert-mimic-cxr-findings-baseline,gt_reports_as_ref,1,123,24,50.0
chexpert-mimic-cxr-findings-baseline,gt_reports_as_ref,1,123,25,76.92307692307693
chexpert-mimic-cxr-findings-baseline,gt_reports_as_ref,1,123,26,53.84615384615385
chexpert-mimic-cxr-findings-baseline,gt_reports_as_ref,1,123,27,100.0
chexpert-mimic-cxr-findings-baseline,gt_reports_as_ref,1,123,28,57.14285714285714
chexpert-mimic-cxr-findings-baseline,gt_reports_as_ref,1,123,29,61.53846153846154
chexpert-mimic-cxr-findings-baseline,gt_reports_as_ref,1,123,30,100.0
chexpert-mimic-cxr-findings-baseline,gt_reports_as_ref,1,123,31,100.0
chexpert-mimic-cxr-findings-baseline,gt_reports_as_ref,1,123,32,80.0
chexpert-mimic-cxr-findings-baseline,gt_reports_as_ref,1,123,33,64.70588235294117
chexpert-mimic-cxr-findings-baseline,gt_reports_as_ref,1,123,34,93.75
chexpert-mimic-cxr-findings-baseline,gt_reports_as_ref,1,123,35,40.0
chexpert-mimic-cxr-findings-baseline,gt_reports_as_ref,1,123,36,75.0
chexpert-mimic-cxr-findings-baseline,gt_reports_as_ref,1,123,37,83.33333333333334
chexpert-mimic-cxr-findings-baseline,gt_reports_as_ref,1,123,38,62.5
chexpert-mimic-cxr-findings-baseline,gt_reports_as_ref,1,123,39,83.33333333333334
chexpert-mimic-cxr-findings-baseline,gt_reports_as_ref,1,123,40,100.0
chexpert-mimic-cxr-findings-baseline,gt_reports_as_ref,1,123,41,91.66666666666666
chexpert-mimic-cxr-findings-baseline,gt_reports_as_ref,1,123,42,55.55555555555556
chexpert-mimic-cxr-findings-baseline,gt_reports_as_ref,1,123,43,80.0
chexpert-mimic-cxr-findings-baseline,gt_reports_as_ref,1,123,44,75.0
chexpert-mimic-cxr-findings-baseline,gt_reports_as_ref,1,123,45,100.0
chexpert-mimic-cxr-findings-baseline,gt_reports_as_ref,1,123,46,100.0
chexpert-mimic-cxr-findings-baseline,gt_reports_as_ref,1,123,47,25.0
chexpert-mimic-cxr-findings-baseline,gt_reports_as_ref,1,123,48,40.0
chexpert-mimic-cxr-findings-baseline,gt_reports_as_ref,1,123,49,84.61538461538461
chexpert-mimic-cxr-findings-baseline,gt_reports_as_ref,1,123,50,100.0
chexpert-mimic-cxr-findings-baseline,gt_reports_as_ref,1,123,51,66.66666666666666
chexpert-mimic-cxr-findings-baseline,gt_reports_as_ref,1,123,52,83.33333333333334
chexpert-mimic-cxr-findings-baseline,gt_reports_as_ref,1,123,53,75.0
chexpert-mimic-cxr-findings-baseline,gt_reports_as_ref,1,123,54,100.0
chexpert-mimic-cxr-findings-baseline,gt_reports_as_ref,1,123,55,75.0
chexpert-mimic-cxr-findings-baseline,gt_reports_as_ref,1,123,56,63.63636363636363
chexpert-mimic-cxr-findings-baseline,gt_reports_as_ref,1,123,57,75.0
chexpert-mimic-cxr-findings-baseline,gt_reports_as_ref,1,123,58,76.92307692307693
chexpert-mimic-cxr-findings-baseline,gt_reports_as_ref,1,123,59,92.3076923076923
chexpert-mimic-cxr-findings-baseline,gt_reports_as_ref,1,123,60,55.55555555555556
chexpert-mimic-cxr-findings-baseline,gt_reports_as_ref,1,123,61,85.71428571428571
chexpert-mimic-cxr-findings-baseline,gt_reports_as_ref,1,123,62,88.88888888888889
chexpert-mimic-cxr-findings-baseline,gt_reports_as_ref,1,123,63,88.88888888888889
chexpert-mimic-cxr-findings-baseline,gt_reports_as_ref,1,123,64,87.5
chexpert-mimic-cxr-findings-baseline,gt_reports_as_ref,1,123,65,100.0
chexpert-mimic-cxr-findings-baseline,gt_reports_as_ref,1,123,66,87.5
chexpert-mimic-cxr-findings-baseline,gt_reports_as_ref,1,123,67,90.9090909090909
chexpert-mimic-cxr-findings-baseline,gt_reports_as_ref,1,123,68,33.33333333333333
chexpert-mimic-cxr-findings-baseline,gt_reports_as_ref,1,123,69,85.71428571428571
chexpert-mimic-cxr-findings-baseline,gt_reports_as_ref,1,123,70,83.33333333333334
chexpert-mimic-cxr-findings-baseline,gt_reports_as_ref,1,123,71,100.0
chexpert-mimic-cxr-findings-baseline,gt_reports_as_ref,1,123,72,100.0
chexpert-mimic-cxr-findings-baseline,gt_reports_as_ref,1,123,73,75.0
chexpert-mimic-cxr-findings-baseline,gt_reports_as_ref,1,123,74,100.0
chexpert-mimic-cxr-findings-baseline,gt_reports_as_ref,1,123,75,60.0
chexpert-mimic-cxr-findings-baseline,gt_reports_as_ref,1,123,76,81.81818181818183
chexpert-mimic-cxr-findings-baseline,gt_reports_as_ref,1,123,77,100.0
chexpert-mimic-cxr-findings-baseline,gt_reports_as_ref,1,123,78,100.0
chexpert-mimic-cxr-findings-baseline,gt_reports_as_ref,1,123,79,86.66666666666667
chexpert-mimic-cxr-findings-baseline,gt_reports_as_ref,1,123,80,100.0
chexpert-mimic-cxr-findings-baseline,gt_reports_as_ref,1,123,81,80.0
chexpert-mimic-cxr-findings-baseline,gt_reports_as_ref,1,123,82,100.0
chexpert-mimic-cxr-findings-baseline,gt_reports_as_ref,1,123,83,100.0
chexpert-mimic-cxr-findings-baseline,gt_reports_as_ref,1,123,84,95.45454545454544
chexpert-mimic-cxr-findings-baseline,gt_reports_as_ref,1,123,85,100.0
chexpert-mimic-cxr-findings-baseline,gt_reports_as_ref,1,123,86,76.92307692307693
chexpert-mimic-cxr-findings-baseline,gt_reports_as_ref,1,123,87,88.88888888888889
chexpert-mimic-cxr-findings-baseline,gt_reports_as_ref,1,123,88,70.0
chexpert-mimic-cxr-findings-baseline,gt_reports_as_ref,1,123,89,100.0
chexpert-mimic-cxr-findings-baseline,gt_reports_as_ref,1,123,90,100.0
chexpert-mimic-cxr-findings-baseline,gt_reports_as_ref,1,123,91,72.72727272727273
chexpert-mimic-cxr-findings-baseline,gt_reports_as_ref,1,123,92,100.0
chexpert-mimic-cxr-findings-baseline,gt_reports_as_ref,1,123,93,14.285714285714285
chexpert-mimic-cxr-findings-baseline,gt_reports_as_ref,1,123,94,66.66666666666666
chexpert-mimic-cxr-findings-baseline,gt_reports_as_ref,1,123,95,82.35294117647058
chexpert-mimic-cxr-findings-baseline,gt_reports_as_ref,1,123,96,100.0
chexpert-mimic-cxr-findings-baseline,gt_reports_as_ref,1,123,97,100.0
chexpert-mimic-cxr-findings-baseline,gt_reports_as_ref,1,123,98,100.0
chexpert-mimic-cxr-findings-baseline,gt_reports_as_ref,1,123,99,88.88888888888889
chexpert-mimic-cxr-findings-baseline,gt_reports_as_ref,1,123,100,100.0
chexpert-mimic-cxr-findings-baseline,gt_reports_as_ref,1,123,101,100.0
chexpert-mimic-cxr-findings-baseline,gt_reports_as_ref,1,123,102,33.33333333333333
chexpert-mimic-cxr-findings-baseline,gt_reports_as_ref,1,123,103,100.0
chexpert-mimic-cxr-findings-baseline,gt_reports_as_ref,1,123,104,100.0
chexpert-mimic-cxr-findings-baseline,gt_reports_as_ref,1,123,105,100.0
chexpert-mimic-cxr-findings-baseline,gt_reports_as_ref,1,123,106,91.66666666666666
chexpert-mimic-cxr-findings-baseline,gt_reports_as_ref,1,123,107,100.0
chexpert-mimic-cxr-findings-baseline,gt_reports_as_ref,1,123,108,33.33333333333333
chexpert-mimic-cxr-findings-baseline,gt_reports_as_ref,1,123,109,88.23529411764706
chexpert-mimic-cxr-findings-baseline,gt_reports_as_ref,1,123,110,71.42857142857143
chexpert-mimic-cxr-findings-baseline,gt_reports_as_ref,1,123,111,80.0
chexpert-mimic-cxr-findings-baseline,gt_reports_as_ref,1,123,112,87.5
chexpert-mimic-cxr-findings-baseline,gt_reports_as_ref,1,123,113,93.33333333333331
chexpert-mimic-cxr-findings-baseline,gt_reports_as_ref,1,123,114,100.0
chexpert-mimic-cxr-findings-baseline,gt_reports_as_ref,1,123,115,75.0
chexpert-mimic-cxr-findings-baseline,gt_reports_as_ref,1,123,116,84.61538461538461
chexpert-mimic-cxr-findings-baseline,gt_reports_as_ref,1,123,117,75.0
chexpert-mimic-cxr-findings-baseline,gt_reports_as_ref,1,123,118,29.411764705882355
chexpert-mimic-cxr-findings-baseline,gt_reports_as_ref,1,123,119,100.0
chexpert-mimic-cxr-findings-baseline,gt_reports_as_ref,1,123,120,50.0
chexpert-mimic-cxr-findings-baseline,gt_reports_as_ref,1,123,121,100.0
chexpert-mimic-cxr-findings-baseline,gt_reports_as_ref,1,123,122,100.0
chexpert-mimic-cxr-findings-baseline,gt_reports_as_ref,1,123,123,100.0
chexpert-mimic-cxr-findings-baseline,gt_reports_as_ref,1,123,124,100.0
chexpert-mimic-cxr-findings-baseline,gt_reports_as_ref,1,123,125,100.0
chexpert-mimic-cxr-findings-baseline,gt_reports_as_ref,1,123,126,80.0
chexpert-mimic-cxr-findings-baseline,gt_reports_as_ref,1,123,127,66.66666666666666
chexpert-mimic-cxr-findings-baseline,gt_reports_as_ref,1,123,128,64.28571428571429
chexpert-mimic-cxr-findings-baseline,gt_reports_as_ref,1,123,129,88.88888888888889
chexpert-mimic-cxr-findings-baseline,gt_reports_as_ref,1,123,130,100.0
chexpert-mimic-cxr-findings-baseline,gt_reports_as_ref,1,123,131,94.73684210526316
chexpert-mimic-cxr-findings-baseline,gt_reports_as_ref,1,123,132,78.57142857142857
chexpert-mimic-cxr-findings-baseline,gt_reports_as_ref,1,123,133,61.53846153846154
chexpert-mimic-cxr-findings-baseline,gt_reports_as_ref,1,123,134,77.77777777777779
chexpert-mimic-cxr-findings-baseline,gt_reports_as_ref,1,123,135,38.46153846153847
chexpert-mimic-cxr-findings-baseline,gt_reports_as_ref,1,123,136,100.0
chexpert-mimic-cxr-findings-baseline,gt_reports_as_ref,1,123,137,100.0
chexpert-mimic-cxr-findings-baseline,gt_reports_as_ref,1,123,138,60.0
chexpert-mimic-cxr-findings-baseline,gt_reports_as_ref,1,123,139,69.23076923076923
chexpert-mimic-cxr-findings-baseline,gt_reports_as_ref,1,123,140,73.33333333333333
chexpert-mimic-cxr-findings-baseline,gt_reports_as_ref,1,123,141,71.42857142857143
chexpert-mimic-cxr-findings-baseline,gt_reports_as_ref,1,123,142,63.1578947368421
chexpert-mimic-cxr-findings-baseline,gt_reports_as_ref,1,123,143,87.5
chexpert-mimic-cxr-findings-baseline,gt_reports_as_ref,1,123,144,100.0
chexpert-mimic-cxr-findings-baseline,gt_reports_as_ref,1,123,145,85.71428571428571
chexpert-mimic-cxr-findings-baseline,gt_reports_as_ref,1,123,146,90.47619047619048
chexpert-mimic-cxr-findings-baseline,gt_reports_as_ref,1,123,147,75.0
chexpert-mimic-cxr-findings-baseline,gt_reports_as_ref,1,123,148,100.0
chexpert-mimic-cxr-findings-baseline,gt_reports_as_ref,1,123,149,100.0
chexpert-mimic-cxr-findings-baseline,gt_reports_as_ref,1,123,150,70.58823529411765
chexpert-mimic-cxr-findings-baseline,gt_reports_as_ref,1,123,151,80.0
chexpert-mimic-cxr-findings-baseline,gt_reports_as_ref,1,123,152,100.0
chexpert-mimic-cxr-findings-baseline,gt_reports_as_ref,1,123,153,62.5
chexpert-mimic-cxr-findings-baseline,gt_reports_as_ref,1,123,154,72.72727272727273
chexpert-mimic-cxr-findings-baseline,gt_reports_as_ref,1,123,155,100.0
chexpert-mimic-cxr-findings-baseline,gt_reports_as_ref,1,123,156,88.88888888888889
chexpert-mimic-cxr-findings-baseline,gt_reports_as_ref,1,123,157,86.66666666666667
chexpert-mimic-cxr-findings-baseline,gt_reports_as_ref,1,123,158,42.85714285714285
chexpert-mimic-cxr-findings-baseline,gt_reports_as_ref,1,123,159,100.0
chexpert-mimic-cxr-findings-baseline,gt_reports_as_ref,1,123,160,90.9090909090909
chexpert-mimic-cxr-findings-baseline,gt_reports_as_ref,1,123,161,66.66666666666666
chexpert-mimic-cxr-findings-baseline,gt_reports_as_ref,1,123,162,100.0
chexpert-mimic-cxr-findings-baseline,gt_reports_as_ref,1,123,163,91.66666666666666
chexpert-mimic-cxr-findings-baseline,gt_reports_as_ref,1,123,164,86.66666666666667
chexpert-mimic-cxr-findings-baseline,gt_reports_as_ref,1,123,165,80.0
chexpert-mimic-cxr-findings-baseline,gt_reports_as_ref,1,123,166,62.5
chexpert-mimic-cxr-findings-baseline,gt_reports_as_ref,1,123,167,28.57142857142857
chexpert-mimic-cxr-findings-baseline,gt_reports_as_ref,1,123,168,100.0
chexpert-mimic-cxr-findings-baseline,gt_reports_as_ref,1,123,169,87.5
chexpert-mimic-cxr-findings-baseline,gt_reports_as_ref,1,123,170,40.0
chexpert-mimic-cxr-findings-baseline,gt_reports_as_ref,1,123,171,23.52941176470588
chexpert-mimic-cxr-findings-baseline,gt_reports_as_ref,1,123,172,38.46153846153847
chexpert-mimic-cxr-findings-baseline,gt_reports_as_ref,1,123,173,50.0
chexpert-mimic-cxr-findings-baseline,gt_reports_as_ref,1,123,174,100.0
chexpert-mimic-cxr-findings-baseline,gt_reports_as_ref,1,123,175,29.411764705882355
chexpert-mimic-cxr-findings-baseline,gt_reports_as_ref,1,123,176,90.0
chexpert-mimic-cxr-findings-baseline,gt_reports_as_ref,1,123,177,47.82608695652174
chexpert-mimic-cxr-findings-baseline,gt_reports_as_ref,1,123,178,57.14285714285714
chexpert-mimic-cxr-findings-baseline,gt_reports_as_ref,1,123,179,100.0
chexpert-mimic-cxr-findings-baseline,gt_reports_as_ref,1,123,180,22.727272727272727
chexpert-mimic-cxr-findings-baseline,gt_reports_as_ref,1,123,181,87.5
chexpert-mimic-cxr-findings-baseline,gt_reports_as_ref,1,123,182,33.33333333333333
chexpert-mimic-cxr-findings-baseline,gt_reports_as_ref,1,123,183,25.0
chexpert-mimic-cxr-findings-baseline,gt_reports_as_ref,1,123,184,46.66666666666666
chexpert-mimic-cxr-findings-baseline,gt_reports_as_ref,1,123,185,91.66666666666666
chexpert-mimic-cxr-findings-baseline,gt_reports_as_ref,1,123,186,50.0
chexpert-mimic-cxr-findings-baseline,gt_reports_as_ref,1,123,187,57.14285714285714
chexpert-mimic-cxr-findings-baseline,gt_reports_as_ref,1,123,188,50.0
chexpert-mimic-cxr-findings-baseline,gt_reports_as_ref,1,123,189,60.0
chexpert-mimic-cxr-findings-baseline,gt_reports_as_ref,1,123,190,71.42857142857143
chexpert-mimic-cxr-findings-baseline,gt_reports_as_ref,1,123,191,100.0
chexpert-mimic-cxr-findings-baseline,gt_reports_as_ref,1,123,192,40.0
chexpert-mimic-cxr-findings-baseline,gt_reports_as_ref,1,123,193,46.66666666666666
chexpert-mimic-cxr-findings-baseline,gt_reports_as_ref,1,123,194,85.71428571428571
chexpert-mimic-cxr-findings-baseline,gt_reports_as_ref,1,123,195,18.181818181818183
chexpert-mimic-cxr-findings-baseline,gt_reports_as_ref,1,123,196,91.66666666666666
chexpert-mimic-cxr-findings-baseline,gt_reports_as_ref,1,123,197,88.88888888888889
chexpert-mimic-cxr-findings-baseline,gt_reports_as_ref,1,123,198,87.5
chexpert-mimic-cxr-findings-baseline,gt_reports_as_ref,1,123,199,72.72727272727273
chexpert-mimic-cxr-findings-baseline,gt_reports_as_ref,1,123,200,81.81818181818183
chexpert-mimic-cxr-findings-baseline,gt_reports_as_ref,1,123,201,20.0
chexpert-mimic-cxr-findings-baseline,gt_reports_as_ref,1,123,202,100.0
chexpert-mimic-cxr-findings-baseline,gt_reports_as_ref,1,123,203,45.0
chexpert-mimic-cxr-findings-baseline,gt_reports_as_ref,1,123,204,0.0
chexpert-mimic-cxr-findings-baseline,gt_reports_as_ref,1,123,205,57.14285714285714
chexpert-mimic-cxr-findings-baseline,gt_reports_as_ref,1,123,206,21.052631578947366
chexpert-mimic-cxr-findings-baseline,gt_reports_as_ref,1,123,207,60.0
chexpert-mimic-cxr-findings-baseline,gt_reports_as_ref,1,123,208,0.0
chexpert-mimic-cxr-findings-baseline,gt_reports_as_ref,1,123,209,50.0
chexpert-mimic-cxr-findings-baseline,gt_reports_as_ref,1,123,210,100.0
chexpert-mimic-cxr-findings-baseline,gt_reports_as_ref,1,123,211,77.77777777777779
chexpert-mimic-cxr-findings-baseline,gt_reports_as_ref,1,123,212,21.428571428571427
chexpert-mimic-cxr-findings-baseline,gt_reports_as_ref,1,123,213,63.1578947368421
chexpert-mimic-cxr-findings-baseline,gt_reports_as_ref,1,123,214,80.0
chexpert-mimic-cxr-findings-baseline,gt_reports_as_ref,1,123,215,47.05882352941176
chexpert-mimic-cxr-findings-baseline,gt_reports_as_ref,1,123,216,28.57142857142857
chexpert-mimic-cxr-findings-baseline,gt_reports_as_ref,1,123,217,87.5
chexpert-mimic-cxr-findings-baseline,gt_reports_as_ref,1,123,218,30.76923076923077
chexpert-mimic-cxr-findings-baseline,gt_reports_as_ref,1,123,219,100.0
chexpert-mimic-cxr-findings-baseline,gt_reports_as_ref,1,123,220,60.0
chexpert-mimic-cxr-findings-baseline,gt_reports_as_ref,1,123,221,50.0
chexpert-mimic-cxr-findings-baseline,gt_reports_as_ref,1,123,222,76.92307692307693
chexpert-mimic-cxr-findings-baseline,gt_reports_as_ref,1,123,223,100.0
chexpert-mimic-cxr-findings-baseline,gt_reports_as_ref,1,123,224,50.0
chexpert-mimic-cxr-findings-baseline,gt_reports_as_ref,1,123,225,50.0
chexpert-mimic-cxr-findings-baseline,gt_reports_as_ref,1,123,226,33.33333333333333
chexpert-mimic-cxr-findings-baseline,gt_reports_as_ref,1,123,227,40.0
chexpert-mimic-cxr-findings-baseline,gt_reports_as_ref,1,123,228,70.0
chexpert-mimic-cxr-findings-baseline,gt_reports_as_ref,1,123,229,40.0
chexpert-mimic-cxr-findings-baseline,gt_reports_as_ref,1,123,230,100.0
chexpert-mimic-cxr-findings-baseline,gt_reports_as_ref,1,123,231,66.66666666666666
chexpert-mimic-cxr-findings-baseline,gt_reports_as_ref,1,123,232,100.0
chexpert-mimic-cxr-findings-baseline,gt_reports_as_ref,1,123,233,40.0
chexpert-mimic-cxr-findings-baseline,gt_reports_as_ref,1,123,234,53.333333333333336
chexpert-mimic-cxr-findings-baseline,gt_reports_as_ref,1,123,235,46.66666666666666
chexpert-mimic-cxr-findings-baseline,gt_reports_as_ref,1,123,236,50.0
chexpert-mimic-cxr-findings-baseline,gt_reports_as_ref,1,123,237,61.53846153846154
chexpert-mimic-cxr-findings-baseline,gt_reports_as_ref,1,123,238,100.0
chexpert-mimic-cxr-findings-baseline,gt_reports_as_ref,1,123,239,14.285714285714285
chexpert-mimic-cxr-findings-baseline,gt_reports_as_ref,1,123,240,72.72727272727273
chexpert-mimic-cxr-findings-baseline,gt_reports_as_ref,1,123,241,42.85714285714285
chexpert-mimic-cxr-findings-baseline,gt_reports_as_ref,1,123,242,46.66666666666666
chexpert-mimic-cxr-findings-baseline,gt_reports_as_ref,1,123,243,100.0
chexpert-mimic-cxr-findings-baseline,gt_reports_as_ref,1,123,244,42.85714285714285
chexpert-mimic-cxr-findings-baseline,gt_reports_as_ref,1,123,245,85.71428571428571
chexpert-mimic-cxr-findings-baseline,gt_reports_as_ref,1,123,246,55.00000000000001
chexpert-mimic-cxr-findings-baseline,gt_reports_as_ref,1,123,247,81.81818181818183
chexpert-mimic-cxr-findings-baseline,gt_reports_as_ref,1,123,248,80.0
chexpert-mimic-cxr-findings-baseline,gt_reports_as_ref,1,123,249,100.0
chexpert-mimic-cxr-findings-baseline,gt_reports_as_ref,1,123,250,71.42857142857143
chexpert-mimic-cxr-findings-baseline,gt_reports_as_ref,1,123,251,94.73684210526316
chexpert-mimic-cxr-findings-baseline,gt_reports_as_ref,1,123,252,66.66666666666666
chexpert-mimic-cxr-findings-baseline,gt_reports_as_ref,1,123,253,60.0
chexpert-mimic-cxr-findings-baseline,gt_reports_as_ref,1,123,254,12.5
chexpert-mimic-cxr-findings-baseline,gt_reports_as_ref,1,123,255,41.17647058823529
chexpert-mimic-cxr-findings-baseline,gt_reports_as_ref,1,123,256,78.57142857142857
chexpert-mimic-cxr-findings-baseline,gt_reports_as_ref,1,123,257,89.47368421052632
chexpert-mimic-cxr-findings-baseline,gt_reports_as_ref,1,123,258,65.0
chexpert-mimic-cxr-findings-baseline,gt_reports_as_ref,1,123,259,70.0
chexpert-mimic-cxr-findings-baseline,gt_reports_as_ref,1,123,260,75.0
chexpert-mimic-cxr-findings-baseline,gt_reports_as_ref,1,123,261,82.35294117647058
chexpert-mimic-cxr-findings-baseline,gt_reports_as_ref,1,123,262,73.33333333333333
chexpert-mimic-cxr-findings-baseline,gt_reports_as_ref,1,123,263,69.23076923076923
chexpert-mimic-cxr-findings-baseline,gt_reports_as_ref,1,123,264,61.53846153846154
chexpert-mimic-cxr-findings-baseline,gt_reports_as_ref,1,123,265,50.0
chexpert-mimic-cxr-findings-baseline,gt_reports_as_ref,1,123,266,100.0
chexpert-mimic-cxr-findings-baseline,gt_reports_as_ref,1,123,267,80.0
chexpert-mimic-cxr-findings-baseline,gt_reports_as_ref,1,123,268,100.0
chexpert-mimic-cxr-findings-baseline,gt_reports_as_ref,1,123,269,88.88888888888889
chexpert-mimic-cxr-findings-baseline,gt_reports_as_ref,1,123,270,50.0
chexpert-mimic-cxr-findings-baseline,gt_reports_as_ref,1,123,271,50.0
chexpert-mimic-cxr-findings-baseline,gt_reports_as_ref,1,123,272,66.66666666666666
chexpert-mimic-cxr-findings-baseline,gt_reports_as_ref,1,123,273,100.0
chexpert-mimic-cxr-findings-baseline,gt_reports_as_ref,1,123,274,28.57142857142857
chexpert-mimic-cxr-findings-baseline,gt_reports_as_ref,1,123,275,88.88888888888889
chexpert-mimic-cxr-findings-baseline,gt_reports_as_ref,1,123,276,83.33333333333334
chexpert-mimic-cxr-findings-baseline,gt_reports_as_ref,1,123,277,12.5
chexpert-mimic-cxr-findings-baseline,gt_reports_as_ref,1,123,278,66.66666666666666
chexpert-mimic-cxr-findings-baseline,gt_reports_as_ref,1,123,279,88.88888888888889
chexpert-mimic-cxr-findings-baseline,gt_reports_as_ref,1,123,280,35.714285714285715
chexpert-mimic-cxr-findings-baseline,gt_reports_as_ref,1,123,281,58.333333333333336
chexpert-mimic-cxr-findings-baseline,gt_reports_as_ref,1,123,282,61.11111111111112
chexpert-mimic-cxr-findings-baseline,gt_reports_as_ref,1,123,283,63.63636363636363
chexpert-mimic-cxr-findings-baseline,gt_reports_as_ref,1,123,284,78.57142857142857
chexpert-mimic-cxr-findings-baseline,gt_reports_as_ref,1,123,285,50.0
chexpert-mimic-cxr-findings-baseline,gt_reports_as_ref,1,123,286,100.0
chexpert-mimic-cxr-findings-baseline,gt_reports_as_ref,1,123,287,40.0
chexpert-mimic-cxr-findings-baseline,gt_reports_as_ref,1,123,288,66.66666666666666
chexpert-mimic-cxr-findings-baseline,gt_reports_as_ref,1,123,289,33.33333333333333
chexpert-mimic-cxr-findings-baseline,gt_reports_as_ref,1,123,290,50.0
chexpert-mimic-cxr-findings-baseline,gt_reports_as_ref,1,123,291,69.23076923076923
chexpert-mimic-cxr-findings-baseline,gt_reports_as_ref,1,123,292,60.0
chexpert-mimic-cxr-findings-baseline,gt_reports_as_ref,1,123,293,100.0
chexpert-mimic-cxr-findings-baseline,gt_reports_as_ref,1,123,294,66.66666666666666
chexpert-mimic-cxr-findings-baseline,gt_reports_as_ref,1,123,295,86.66666666666667
chexpert-mimic-cxr-findings-baseline,gt_reports_as_ref,1,123,296,58.82352941176471
chexpert-mimic-cxr-findings-baseline,gt_reports_as_ref,1,123,297,72.72727272727273
chexpert-mimic-cxr-findings-baseline,gt_reports_as_ref,1,123,298,70.0
chexpert-mimic-cxr-findings-baseline,gt_reports_as_ref,1,123,299,33.33333333333333
chexpert-mimic-cxr-findings-baseline,gt_reports_as_ref,1,123,300,35.0
chexpert-mimic-cxr-findings-baseline,gt_reports_as_ref,1,123,301,46.66666666666666
chexpert-mimic-cxr-findings-baseline,gt_reports_as_ref,1,123,302,50.0
chexpert-mimic-cxr-findings-baseline,gt_reports_as_ref,1,123,303,36.36363636363637
chexpert-mimic-cxr-findings-baseline,gt_reports_as_ref,1,123,304,58.333333333333336
chexpert-mimic-cxr-findings-baseline,gt_reports_as_ref,1,123,305,88.88888888888889
chexpert-mimic-cxr-findings-baseline,gt_reports_as_ref,1,123,306,70.0
chexpert-mimic-cxr-findings-baseline,gt_reports_as_ref,1,123,307,66.66666666666666
chexpert-mimic-cxr-findings-baseline,gt_reports_as_ref,1,123,308,42.85714285714285
chexpert-mimic-cxr-findings-baseline,gt_reports_as_ref,1,123,309,45.45454545454545
chexpert-mimic-cxr-findings-baseline,gt_reports_as_ref,1,123,310,52.94117647058824
chexpert-mimic-cxr-findings-baseline,gt_reports_as_ref,1,123,311,70.0
chexpert-mimic-cxr-findings-baseline,gt_reports_as_ref,1,123,312,77.77777777777779
chexpert-mimic-cxr-findings-baseline,gt_reports_as_ref,1,123,313,100.0
chexpert-mimic-cxr-findings-baseline,gt_reports_as_ref,1,123,314,35.294117647058826
chexpert-mimic-cxr-findings-baseline,gt_reports_as_ref,1,123,315,100.0
chexpert-mimic-cxr-findings-baseline,gt_reports_as_ref,1,123,316,0.0
chexpert-mimic-cxr-findings-baseline,gt_reports_as_ref,1,123,317,26.666666666666668
chexpert-mimic-cxr-findings-baseline,gt_reports_as_ref,1,123,318,75.0
chexpert-mimic-cxr-findings-baseline,gt_reports_as_ref,1,123,319,25.0
chexpert-mimic-cxr-findings-baseline,gt_reports_as_ref,1,123,320,94.11764705882352
chexpert-mimic-cxr-findings-baseline,gt_reports_as_ref,1,123,321,77.77777777777779
chexpert-mimic-cxr-findings-baseline,gt_reports_as_ref,1,123,322,19.047619047619047
chexpert-mimic-cxr-findings-baseline,gt_reports_as_ref,1,123,323,71.42857142857143
chexpert-mimic-cxr-findings-baseline,gt_reports_as_ref,1,123,324,31.57894736842105
chexpert-mimic-cxr-findings-baseline,gt_reports_as_ref,1,123,325,50.0
chexpert-mimic-cxr-findings-baseline,gt_reports_as_ref,1,123,326,100.0
chexpert-mimic-cxr-findings-baseline,gt_reports_as_ref,1,123,327,77.77777777777779
chexpert-mimic-cxr-findings-baseline,gt_reports_as_ref,1,123,328,100.0
chexpert-mimic-cxr-findings-baseline,gt_reports_as_ref,1,123,329,86.66666666666667
chexpert-mimic-cxr-findings-baseline,gt_reports_as_ref,1,123,330,36.84210526315789
chexpert-mimic-cxr-findings-baseline,gt_reports_as_ref,1,123,331,92.85714285714286
chexpert-mimic-cxr-findings-baseline,gt_reports_as_ref,1,123,332,86.36363636363636
chexpert-mimic-cxr-findings-baseline,gt_reports_as_ref,1,123,333,100.0
chexpert-mimic-cxr-findings-baseline,gt_reports_as_ref,1,123,334,87.5
chexpert-mimic-cxr-findings-baseline,gt_reports_as_ref,1,123,335,100.0
chexpert-mimic-cxr-findings-baseline,gt_reports_as_ref,1,123,336,46.66666666666666
chexpert-mimic-cxr-findings-baseline,gt_reports_as_ref,1,123,337,90.9090909090909
chexpert-mimic-cxr-findings-baseline,gt_reports_as_ref,1,123,338,23.07692307692308
chexpert-mimic-cxr-findings-baseline,gt_reports_as_ref,1,123,339,93.33333333333331
chexpert-mimic-cxr-findings-baseline,gt_reports_as_ref,1,123,340,10.0
chexpert-mimic-cxr-findings-baseline,gt_reports_as_ref,1,123,341,16.666666666666664
chexpert-mimic-cxr-findings-baseline,gt_reports_as_ref,1,123,342,92.3076923076923
chexpert-mimic-cxr-findings-baseline,gt_reports_as_ref,1,123,343,53.84615384615385
chexpert-mimic-cxr-findings-baseline,gt_reports_as_ref,1,123,344,50.0
chexpert-mimic-cxr-findings-baseline,gt_reports_as_ref,1,123,345,33.33333333333333
chexpert-mimic-cxr-findings-baseline,gt_reports_as_ref,1,123,346,70.0
chexpert-mimic-cxr-findings-baseline,gt_reports_as_ref,1,123,347,33.33333333333333
chexpert-mimic-cxr-findings-baseline,gt_reports_as_ref,1,123,348,100.0
chexpert-mimic-cxr-findings-baseline,gt_reports_as_ref,1,123,349,75.0
chexpert-mimic-cxr-findings-baseline,gt_reports_as_ref,1,123,350,38.46153846153847
chexpert-mimic-cxr-findings-baseline,gt_reports_as_ref,1,123,351,41.17647058823529
chexpert-mimic-cxr-findings-baseline,gt_reports_as_ref,1,123,352,71.42857142857143
chexpert-mimic-cxr-findings-baseline,gt_reports_as_ref,1,123,353,33.33333333333333
chexpert-mimic-cxr-findings-baseline,gt_reports_as_ref,1,123,354,54.54545454545454
chexpert-mimic-cxr-findings-baseline,gt_reports_as_ref,1,123,355,30.0
chexpert-mimic-cxr-findings-baseline,gt_reports_as_ref,1,123,356,42.85714285714285
chexpert-mimic-cxr-findings-baseline,gt_reports_as_ref,1,123,357,62.5
chexpert-mimic-cxr-findings-baseline,gt_reports_as_ref,1,123,358,68.42105263157895
chexpert-mimic-cxr-findings-baseline,gt_reports_as_ref,1,123,359,100.0
chexpert-mimic-cxr-findings-baseline,gt_reports_as_ref,1,123,360,33.33333333333333
chexpert-mimic-cxr-findings-baseline,gt_reports_as_ref,1,123,361,87.5
chexpert-mimic-cxr-findings-baseline,gt_reports_as_ref,1,123,362,71.42857142857143
chexpert-mimic-cxr-findings-baseline,gt_reports_as_ref,1,123,363,100.0
chexpert-mimic-cxr-findings-baseline,gt_reports_as_ref,1,123,364,50.0
chexpert-mimic-cxr-findings-baseline,gt_reports_as_ref,1,123,365,64.0
chexpert-mimic-cxr-findings-baseline,gt_reports_as_ref,1,123,366,68.75
chexpert-mimic-cxr-findings-baseline,gt_reports_as_ref,1,123,367,78.57142857142857
chexpert-mimic-cxr-findings-baseline,gt_reports_as_ref,1,123,368,66.66666666666666
chexpert-mimic-cxr-findings-baseline,gt_reports_as_ref,1,123,369,100.0
chexpert-mimic-cxr-findings-baseline,gt_reports_as_ref,1,123,370,38.46153846153847
chexpert-mimic-cxr-findings-baseline,gt_reports_as_ref,1,123,371,100.0
chexpert-mimic-cxr-findings-baseline,gt_reports_as_ref,1,123,372,100.0
chexpert-mimic-cxr-findings-baseline,gt_reports_as_ref,1,123,373,33.33333333333333
chexpert-mimic-cxr-findings-baseline,gt_reports_as_ref,1,123,374,33.33333333333333
chexpert-mimic-cxr-findings-baseline,gt_reports_as_ref,1,123,375,100.0
chexpert-mimic-cxr-findings-baseline,gt_reports_as_ref,1,123,376,69.23076923076923
chexpert-mimic-cxr-findings-baseline,gt_reports_as_ref,1,123,377,80.0
chexpert-mimic-cxr-findings-baseline,gt_reports_as_ref,1,123,378,63.63636363636363
chexpert-mimic-cxr-findings-baseline,gt_reports_as_ref,1,123,379,100.0
chexpert-mimic-cxr-findings-baseline,gt_reports_as_ref,1,123,380,40.0
chexpert-mimic-cxr-findings-baseline,gt_reports_as_ref,1,123,381,42.85714285714285
chexpert-mimic-cxr-findings-baseline,gt_reports_as_ref,1,123,382,61.53846153846154
chexpert-mimic-cxr-findings-baseline,gt_reports_as_ref,1,123,383,100.0
chexpert-mimic-cxr-findings-baseline,gt_reports_as_ref,1,123,384,42.85714285714285
chexpert-mimic-cxr-findings-baseline,gt_reports_as_ref,1,123,385,50.0
chexpert-mimic-cxr-findings-baseline,gt_reports_as_ref,1,123,386,33.33333333333333
chexpert-mimic-cxr-findings-baseline,gt_reports_as_ref,1,123,387,78.94736842105263
chexpert-mimic-cxr-findings-baseline,gt_reports_as_ref,1,123,388,100.0
chexpert-mimic-cxr-findings-baseline,gt_reports_as_ref,1,123,389,28.57142857142857
chexpert-mimic-cxr-findings-baseline,gt_reports_as_ref,1,123,390,60.0
chexpert-mimic-cxr-findings-baseline,gt_reports_as_ref,1,123,391,62.5
chexpert-mimic-cxr-findings-baseline,gt_reports_as_ref,1,123,392,76.92307692307693
chexpert-mimic-cxr-findings-baseline,gt_reports_as_ref,1,123,393,69.23076923076923
chexpert-mimic-cxr-findings-baseline,gt_reports_as_ref,1,123,394,58.82352941176471
chexpert-mimic-cxr-findings-baseline,gt_reports_as_ref,1,123,395,71.42857142857143
chexpert-mimic-cxr-findings-baseline,gt_reports_as_ref,1,123,396,88.88888888888889
chexpert-mimic-cxr-findings-baseline,gt_reports_as_ref,1,123,397,76.92307692307693
chexpert-mimic-cxr-findings-baseline,gt_reports_as_ref,1,123,398,100.0
chexpert-mimic-cxr-findings-baseline,gt_reports_as_ref,1,123,399,15.789473684210526
chexpert-mimic-cxr-findings-baseline,gt_reports_as_ref,1,123,400,100.0
chexpert-mimic-cxr-findings-baseline,gt_reports_as_ref,1,123,401,83.33333333333334
chexpert-mimic-cxr-findings-baseline,gt_reports_as_ref,1,123,402,30.76923076923077
chexpert-mimic-cxr-findings-baseline,gt_reports_as_ref,1,123,403,36.36363636363637
chexpert-mimic-cxr-findings-baseline,gt_reports_as_ref,1,123,404,93.33333333333331
chexpert-mimic-cxr-findings-baseline,gt_reports_as_ref,1,123,405,100.0
chexpert-mimic-cxr-findings-baseline,gt_reports_as_ref,1,123,406,55.55555555555556
chexpert-mimic-cxr-findings-baseline,gt_reports_as_ref,1,123,407,60.0
chexpert-mimic-cxr-findings-baseline,gt_reports_as_ref,1,123,408,66.66666666666666
chexpert-mimic-cxr-findings-baseline,gt_reports_as_ref,1,123,409,25.0
chexpert-mimic-cxr-findings-baseline,gt_reports_as_ref,1,123,410,87.5
chexpert-mimic-cxr-findings-baseline,gt_reports_as_ref,1,123,411,88.23529411764706
chexpert-mimic-cxr-findings-baseline,gt_reports_as_ref,1,123,412,63.63636363636363
chexpert-mimic-cxr-findings-baseline,gt_reports_as_ref,1,123,413,72.72727272727273
chexpert-mimic-cxr-findings-baseline,gt_reports_as_ref,1,123,414,100.0
chexpert-mimic-cxr-findings-baseline,gt_reports_as_ref,1,123,415,100.0
chexpert-mimic-cxr-findings-baseline,gt_reports_as_ref,1,123,416,58.82352941176471
chexpert-mimic-cxr-findings-baseline,gt_reports_as_ref,1,123,417,88.23529411764706
chexpert-mimic-cxr-findings-baseline,gt_reports_as_ref,1,123,418,30.76923076923077
chexpert-mimic-cxr-findings-baseline,gt_reports_as_ref,1,123,419,80.0
chexpert-mimic-cxr-findings-baseline,gt_reports_as_ref,1,123,420,80.0
chexpert-mimic-cxr-findings-baseline,gt_reports_as_ref,1,123,421,15.0
chexpert-mimic-cxr-findings-baseline,gt_reports_as_ref,1,123,422,66.66666666666666
chexpert-mimic-cxr-findings-baseline,gt_reports_as_ref,1,123,423,100.0
chexpert-mimic-cxr-findings-baseline,gt_reports_as_ref,1,123,424,63.63636363636363
chexpert-mimic-cxr-findings-baseline,gt_reports_as_ref,1,123,425,62.5
chexpert-mimic-cxr-findings-baseline,gt_reports_as_ref,1,123,426,93.33333333333331
chexpert-mimic-cxr-findings-baseline,gt_reports_as_ref,1,123,427,70.58823529411765
chexpert-mimic-cxr-findings-baseline,gt_reports_as_ref,1,123,428,26.31578947368421
chexpert-mimic-cxr-findings-baseline,gt_reports_as_ref,1,123,429,88.88888888888889
chexpert-mimic-cxr-findings-baseline,gt_reports_as_ref,1,123,430,25.0
chexpert-mimic-cxr-findings-baseline,gt_reports_as_ref,1,123,431,76.47058823529412
chexpert-mimic-cxr-findings-baseline,gt_reports_as_ref,1,123,432,50.0
chexpert-mimic-cxr-findings-baseline,gt_reports_as_ref,1,123,433,80.0
chexpert-mimic-cxr-findings-baseline,gt_reports_as_ref,1,123,434,40.0
chexpert-mimic-cxr-findings-baseline,gt_reports_as_ref,1,123,435,41.66666666666667
chexpert-mimic-cxr-findings-baseline,gt_reports_as_ref,1,123,436,46.66666666666666
chexpert-mimic-cxr-findings-baseline,gt_reports_as_ref,1,123,437,88.88888888888889
chexpert-mimic-cxr-findings-baseline,gt_reports_as_ref,1,123,438,42.85714285714285
chexpert-mimic-cxr-findings-baseline,gt_reports_as_ref,1,123,439,60.0
chexpert-mimic-cxr-findings-baseline,gt_reports_as_ref,1,123,440,76.92307692307693
chexpert-mimic-cxr-findings-baseline,gt_reports_as_ref,1,123,441,42.10526315789473
chexpert-mimic-cxr-findings-baseline,gt_reports_as_ref,1,123,442,38.46153846153847
chexpert-mimic-cxr-findings-baseline,gt_reports_as_ref,1,123,443,58.82352941176471
chexpert-mimic-cxr-findings-baseline,gt_reports_as_ref,1,123,444,71.42857142857143
chexpert-mimic-cxr-findings-baseline,gt_reports_as_ref,1,123,445,100.0
chexpert-mimic-cxr-findings-baseline,gt_reports_as_ref,1,123,446,100.0
chexpert-mimic-cxr-findings-baseline,gt_reports_as_ref,1,123,447,10.0
chexpert-mimic-cxr-findings-baseline,gt_reports_as_ref,1,123,448,50.0
chexpert-mimic-cxr-findings-baseline,gt_reports_as_ref,1,123,449,58.333333333333336
chexpert-mimic-cxr-findings-baseline,gt_reports_as_ref,1,123,450,90.0
chexpert-mimic-cxr-findings-baseline,gt_reports_as_ref,1,123,451,33.33333333333333
chexpert-mimic-cxr-findings-baseline,gt_reports_as_ref,1,123,452,66.66666666666666
chexpert-mimic-cxr-findings-baseline,gt_reports_as_ref,1,123,453,14.285714285714285
chexpert-mimic-cxr-findings-baseline,gt_reports_as_ref,1,123,454,100.0
chexpert-mimic-cxr-findings-baseline,gt_reports_as_ref,1,123,455,80.0
chexpert-mimic-cxr-findings-baseline,gt_reports_as_ref,1,123,456,54.54545454545454
chexpert-mimic-cxr-findings-baseline,gt_reports_as_ref,1,123,457,57.14285714285714
chexpert-mimic-cxr-findings-baseline,gt_reports_as_ref,1,123,458,66.66666666666666
chexpert-mimic-cxr-findings-baseline,gt_reports_as_ref,1,123,459,37.5
chexpert-mimic-cxr-findings-baseline,gt_reports_as_ref,1,123,460,88.23529411764706
chexpert-mimic-cxr-findings-baseline,gt_reports_as_ref,1,123,461,100.0
chexpert-mimic-cxr-findings-baseline,gt_reports_as_ref,1,123,462,50.0
chexpert-mimic-cxr-findings-baseline,gt_reports_as_ref,1,123,463,33.33333333333333
chexpert-mimic-cxr-findings-baseline,gt_reports_as_ref,1,123,464,80.0
chexpert-mimic-cxr-findings-baseline,gt_reports_as_ref,1,123,465,46.15384615384615
chexpert-mimic-cxr-findings-baseline,gt_reports_as_ref,1,123,466,66.66666666666666
chexpert-mimic-cxr-findings-baseline,gt_reports_as_ref,1,123,467,8.333333333333332
chexpert-mimic-cxr-findings-baseline,gt_reports_as_ref,1,123,468,66.66666666666666
chexpert-mimic-cxr-findings-baseline,gt_reports_as_ref,1,123,469,100.0
chexpert-mimic-cxr-findings-baseline,gt_reports_as_ref,1,123,470,75.0
chexpert-mimic-cxr-findings-baseline,gt_reports_as_ref,1,123,471,23.52941176470588
chexpert-mimic-cxr-findings-baseline,gt_reports_as_ref,1,123,472,25.925925925925924
chexpert-mimic-cxr-findings-baseline,gt_reports_as_ref,1,123,473,50.0
chexpert-mimic-cxr-findings-baseline,gt_reports_as_ref,1,123,474,46.15384615384615
chexpert-mimic-cxr-findings-baseline,gt_reports_as_ref,1,123,475,60.0
chexpert-mimic-cxr-findings-baseline,gt_reports_as_ref,1,123,476,50.0
chexpert-mimic-cxr-findings-baseline,gt_reports_as_ref,1,123,477,86.66666666666667
chexpert-mimic-cxr-findings-baseline,gt_reports_as_ref,1,123,478,35.0
chexpert-mimic-cxr-findings-baseline,gt_reports_as_ref,1,123,479,85.71428571428571
chexpert-mimic-cxr-findings-baseline,gt_reports_as_ref,1,123,480,84.61538461538461
chexpert-mimic-cxr-findings-baseline,gt_reports_as_ref,1,123,481,50.0
chexpert-mimic-cxr-findings-baseline,gt_reports_as_ref,1,123,482,100.0
chexpert-mimic-cxr-findings-baseline,gt_reports_as_ref,1,123,483,75.0
chexpert-mimic-cxr-findings-baseline,gt_reports_as_ref,1,123,484,83.33333333333334
chexpert-mimic-cxr-findings-baseline,gt_reports_as_ref,1,123,485,20.0
chexpert-mimic-cxr-findings-baseline,gt_reports_as_ref,1,123,486,50.0
chexpert-mimic-cxr-findings-baseline,gt_reports_as_ref,1,123,487,21.428571428571427
chexpert-mimic-cxr-findings-baseline,gt_reports_as_ref,1,123,488,100.0
chexpert-mimic-cxr-findings-baseline,gt_reports_as_ref,1,123,489,69.23076923076923
chexpert-mimic-cxr-findings-baseline,gt_reports_as_ref,1,123,490,46.66666666666666
chexpert-mimic-cxr-findings-baseline,gt_reports_as_ref,1,123,491,100.0
chexpert-mimic-cxr-findings-baseline,gt_reports_as_ref,1,123,492,37.5
chexpert-mimic-cxr-findings-baseline,gt_reports_as_ref,1,123,493,100.0
chexpert-mimic-cxr-findings-baseline,gt_reports_as_ref,1,123,494,100.0
chexpert-mimic-cxr-findings-baseline,gt_reports_as_ref,1,123,495,12.5
chexpert-mimic-cxr-findings-baseline,gt_reports_as_ref,1,123,496,27.27272727272727
chexpert-mimic-cxr-findings-baseline,gt_reports_as_ref,1,123,497,29.411764705882355
chexpert-mimic-cxr-findings-baseline,gt_reports_as_ref,1,123,498,66.66666666666666
chexpert-mimic-cxr-findings-baseline,gt_reports_as_ref,1,123,499,37.5
chexpert-mimic-cxr-findings-baseline,gt_reports_as_ref,1,123,500,66.66666666666666
chexpert-mimic-cxr-findings-baseline,gt_reports_as_ref,1,123,501,69.23076923076923
chexpert-mimic-cxr-findings-baseline,gt_reports_as_ref,1,123,502,26.666666666666668
chexpert-mimic-cxr-findings-baseline,gt_reports_as_ref,1,123,503,100.0
chexpert-mimic-cxr-findings-baseline,gt_reports_as_ref,1,123,504,50.0
chexpert-mimic-cxr-findings-baseline,gt_reports_as_ref,1,123,505,14.285714285714285
chexpert-mimic-cxr-findings-baseline,gt_reports_as_ref,1,123,506,87.5
chexpert-mimic-cxr-findings-baseline,gt_reports_as_ref,1,123,507,31.25
chexpert-mimic-cxr-findings-baseline,gt_reports_as_ref,1,123,508,44.44444444444444
chexpert-mimic-cxr-findings-baseline,gt_reports_as_ref,1,123,509,56.25
chexpert-mimic-cxr-findings-baseline,gt_reports_as_ref,1,123,510,33.33333333333333
chexpert-mimic-cxr-findings-baseline,gt_reports_as_ref,1,123,511,100.0
chexpert-mimic-cxr-findings-baseline,gt_reports_as_ref,1,123,512,35.714285714285715
chexpert-mimic-cxr-findings-baseline,gt_reports_as_ref,1,123,513,48.0
chexpert-mimic-cxr-findings-baseline,gt_reports_as_ref,1,123,514,100.0
chexpert-mimic-cxr-findings-baseline,gt_reports_as_ref,1,123,515,50.0
chexpert-mimic-cxr-findings-baseline,gt_reports_as_ref,1,123,516,58.82352941176471
chexpert-mimic-cxr-findings-baseline,gt_reports_as_ref,1,123,517,84.61538461538461
chexpert-mimic-cxr-findings-baseline,gt_reports_as_ref,1,123,518,69.23076923076923
chexpert-mimic-cxr-findings-baseline,gt_reports_as_ref,1,123,519,100.0
chexpert-mimic-cxr-findings-baseline,gt_reports_as_ref,1,123,520,80.0
chexpert-mimic-cxr-findings-baseline,gt_reports_as_ref,1,123,521,100.0
chexpert-mimic-cxr-findings-baseline,gt_reports_as_ref,1,123,522,63.63636363636363
chexpert-mimic-cxr-findings-baseline,gt_reports_as_ref,1,123,523,100.0
chexpert-mimic-cxr-findings-baseline,gt_reports_as_ref,1,123,524,44.44444444444444
chexpert-mimic-cxr-findings-baseline,gt_reports_as_ref,1,123,525,63.1578947368421
chexpert-mimic-cxr-findings-baseline,gt_reports_as_ref,1,123,526,81.81818181818183
chexpert-mimic-cxr-findings-baseline,gt_reports_as_ref,1,123,527,62.5
chexpert-mimic-cxr-findings-baseline,gt_reports_as_ref,1,123,528,62.5
chexpert-mimic-cxr-findings-baseline,gt_reports_as_ref,1,123,529,100.0
chexpert-mimic-cxr-findings-baseline,gt_reports_as_ref,1,123,530,100.0
chexpert-mimic-cxr-findings-baseline,gt_reports_as_ref,1,123,531,92.85714285714286
chexpert-mimic-cxr-findings-baseline,gt_reports_as_ref,1,123,532,100.0
chexpert-mimic-cxr-findings-baseline,gt_reports_as_ref,1,123,533,42.10526315789473
chexpert-mimic-cxr-findings-baseline,gt_reports_as_ref,1,123,534,50.0
chexpert-mimic-cxr-findings-baseline,gt_reports_as_ref,1,123,535,80.0
chexpert-mimic-cxr-findings-baseline,gt_reports_as_ref,1,123,536,95.83333333333334
chexpert-mimic-cxr-findings-baseline,gt_reports_as_ref,1,123,537,54.54545454545454
chexpert-mimic-cxr-findings-baseline,gt_reports_as_ref,1,123,538,17.647058823529413
chexpert-mimic-cxr-findings-baseline,gt_reports_as_ref,1,123,539,40.0
chexpert-mimic-cxr-findings-baseline,gt_reports_as_ref,1,123,540,46.66666666666666
chexpert-mimic-cxr-findings-baseline,gt_reports_as_ref,1,123,541,46.15384615384615
chexpert-mimic-cxr-findings-baseline,gt_reports_as_ref,1,123,542,71.42857142857143
chexpert-mimic-cxr-findings-baseline,gt_reports_as_ref,1,123,543,46.15384615384615
chexpert-mimic-cxr-findings-baseline,gt_reports_as_ref,1,123,544,91.66666666666666
chexpert-mimic-cxr-findings-baseline,gt_reports_as_ref,1,123,545,60.0
chexpert-mimic-cxr-findings-baseline,gt_reports_as_ref,1,123,546,46.15384615384615
chexpert-mimic-cxr-findings-baseline,gt_reports_as_ref,1,123,547,88.88888888888889
chexpert-mimic-cxr-findings-baseline,gt_reports_as_ref,1,123,548,50.0
chexpert-mimic-cxr-findings-baseline,gt_reports_as_ref,1,123,549,47.05882352941176
chexpert-mimic-cxr-findings-baseline,gt_reports_as_ref,1,123,550,42.85714285714285
chexpert-mimic-cxr-findings-baseline,gt_reports_as_ref,1,123,551,36.36363636363637
chexpert-mimic-cxr-findings-baseline,gt_reports_as_ref,1,123,552,33.33333333333333
chexpert-mimic-cxr-findings-baseline,gt_reports_as_ref,1,123,553,80.0
chexpert-mimic-cxr-findings-baseline,gt_reports_as_ref,1,123,554,76.92307692307693
chexpert-mimic-cxr-findings-baseline,gt_reports_as_ref,1,123,555,75.0
chexpert-mimic-cxr-findings-baseline,gt_reports_as_ref,1,123,556,70.0
chexpert-mimic-cxr-findings-baseline,gt_reports_as_ref,1,123,557,60.0
chexpert-mimic-cxr-findings-baseline,gt_reports_as_ref,1,123,558,94.11764705882352
chexpert-mimic-cxr-findings-baseline,gt_reports_as_ref,1,123,559,88.23529411764706
chexpert-mimic-cxr-findings-baseline,gt_reports_as_ref,1,123,560,100.0
chexpert-mimic-cxr-findings-baseline,gt_reports_as_ref,1,123,561,16.666666666666664
chexpert-mimic-cxr-findings-baseline,gt_reports_as_ref,1,123,562,30.0
chexpert-mimic-cxr-findings-baseline,gt_reports_as_ref,1,123,563,19.047619047619047
chexpert-mimic-cxr-findings-baseline,gt_reports_as_ref,1,123,564,40.909090909090914
chexpert-mimic-cxr-findings-baseline,gt_reports_as_ref,1,123,565,47.61904761904761
chexpert-mimic-cxr-findings-baseline,gt_reports_as_ref,1,123,566,60.0
chexpert-mimic-cxr-findings-baseline,gt_reports_as_ref,1,123,567,85.71428571428571
chexpert-mimic-cxr-findings-baseline,gt_reports_as_ref,1,123,568,38.88888888888889
chexpert-mimic-cxr-findings-baseline,gt_reports_as_ref,1,123,569,36.84210526315789
chexpert-mimic-cxr-findings-baseline,gt_reports_as_ref,1,123,570,70.0
chexpert-mimic-cxr-findings-baseline,gt_reports_as_ref,1,123,571,66.66666666666666
chexpert-mimic-cxr-findings-baseline,gt_reports_as_ref,1,123,572,75.0
chexpert-mimic-cxr-findings-baseline,gt_reports_as_ref,1,123,573,100.0
chexpert-mimic-cxr-findings-baseline,gt_reports_as_ref,1,123,574,100.0
chexpert-mimic-cxr-findings-baseline,gt_reports_as_ref,1,123,575,100.0
chexpert-mimic-cxr-findings-baseline,gt_reports_as_ref,1,123,576,56.25
chexpert-mimic-cxr-findings-baseline,gt_reports_as_ref,1,123,577,88.88888888888889
chexpert-mimic-cxr-findings-baseline,gt_reports_as_ref,1,123,578,26.666666666666668
chexpert-mimic-cxr-findings-baseline,gt_reports_as_ref,1,123,579,61.53846153846154
chexpert-mimic-cxr-findings-baseline,gt_reports_as_ref,1,123,580,50.0
chexpert-mimic-cxr-findings-baseline,gt_reports_as_ref,1,123,581,80.0
chexpert-mimic-cxr-findings-baseline,gt_reports_as_ref,1,123,582,55.55555555555556
chexpert-mimic-cxr-findings-baseline,gt_reports_as_ref,1,123,583,30.0
chexpert-mimic-cxr-findings-baseline,gt_reports_as_ref,1,123,584,100.0
chexpert-mimic-cxr-findings-baseline,gt_reports_as_ref,1,123,585,77.77777777777779
chexpert-mimic-cxr-findings-baseline,gt_reports_as_ref,1,123,586,68.18181818181817
chexpert-mimic-cxr-findings-baseline,gt_reports_as_ref,1,123,587,55.55555555555556
chexpert-mimic-cxr-findings-baseline,gt_reports_as_ref,1,123,588,100.0
chexpert-mimic-cxr-findings-baseline,gt_reports_as_ref,1,123,589,28.57142857142857
chexpert-mimic-cxr-findings-baseline,gen_reports_as_ref,1,123,0,90.9090909090909
chexpert-mimic-cxr-findings-baseline,gen_reports_as_ref,1,123,1,100.0
chexpert-mimic-cxr-findings-baseline,gen_reports_as_ref,1,123,2,62.5
chexpert-mimic-cxr-findings-baseline,gen_reports_as_ref,1,123,3,100.0
chexpert-mimic-cxr-findings-baseline,gen_reports_as_ref,1,123,4,85.71428571428571
chexpert-mimic-cxr-findings-baseline,gen_reports_as_ref,1,123,5,90.9090909090909
chexpert-mimic-cxr-findings-baseline,gen_reports_as_ref,1,123,6,100.0
chexpert-mimic-cxr-findings-baseline,gen_reports_as_ref,1,123,7,83.33333333333334
chexpert-mimic-cxr-findings-baseline,gen_reports_as_ref,1,123,8,87.5
chexpert-mimic-cxr-findings-baseline,gen_reports_as_ref,1,123,9,85.71428571428571
chexpert-mimic-cxr-findings-baseline,gen_reports_as_ref,1,123,10,75.0
chexpert-mimic-cxr-findings-baseline,gen_reports_as_ref,1,123,11,100.0
chexpert-mimic-cxr-findings-baseline,gen_reports_as_ref,1,123,12,42.85714285714285
chexpert-mimic-cxr-findings-baseline,gen_reports_as_ref,1,123,13,100.0
chexpert-mimic-cxr-findings-baseline,gen_reports_as_ref,1,123,14,100.0
chexpert-mimic-cxr-findings-baseline,gen_reports_as_ref,1,123,15,100.0
chexpert-mimic-cxr-findings-baseline,gen_reports_as_ref,1,123,16,37.5
chexpert-mimic-cxr-findings-baseline,gen_reports_as_ref,1,123,17,100.0
chexpert-mimic-cxr-findings-baseline,gen_reports_as_ref,1,123,18,100.0
chexpert-mimic-cxr-findings-baseline,gen_reports_as_ref,1,123,19,85.71428571428571
chexpert-mimic-cxr-findings-baseline,gen_reports_as_ref,1,123,20,100.0
chexpert-mimic-cxr-findings-baseline,gen_reports_as_ref,1,123,21,78.57142857142857
chexpert-mimic-cxr-findings-baseline,gen_reports_as_ref,1,123,22,62.5
chexpert-mimic-cxr-findings-baseline,gen_reports_as_ref,1,123,23,100.0
chexpert-mimic-cxr-findings-baseline,gen_reports_as_ref,1,123,24,62.5
chexpert-mimic-cxr-findings-baseline,gen_reports_as_ref,1,123,25,100.0
chexpert-mimic-cxr-findings-baseline,gen_reports_as_ref,1,123,26,60.0
chexpert-mimic-cxr-findings-baseline,gen_reports_as_ref,1,123,27,100.0
chexpert-mimic-cxr-findings-baseline,gen_reports_as_ref,1,123,28,81.81818181818183
chexpert-mimic-cxr-findings-baseline,gen_reports_as_ref,1,123,29,85.71428571428571
chexpert-mimic-cxr-findings-baseline,gen_reports_as_ref,1,123,30,100.0
chexpert-mimic-cxr-findings-baseline,gen_reports_as_ref,1,123,31,84.61538461538461
chexpert-mimic-cxr-findings-baseline,gen_reports_as_ref,1,123,32,100.0
chexpert-mimic-cxr-findings-baseline,gen_reports_as_ref,1,123,33,75.0
chexpert-mimic-cxr-findings-baseline,gen_reports_as_ref,1,123,34,33.33333333333333
chexpert-mimic-cxr-findings-baseline,gen_reports_as_ref,1,123,35,75.0
chexpert-mimic-cxr-findings-baseline,gen_reports_as_ref,1,123,36,50.0
chexpert-mimic-cxr-findings-baseline,gen_reports_as_ref,1,123,37,62.5
chexpert-mimic-cxr-findings-baseline,gen_reports_as_ref,1,123,38,100.0
chexpert-mimic-cxr-findings-baseline,gen_reports_as_ref,1,123,39,100.0
chexpert-mimic-cxr-findings-baseline,gen_reports_as_ref,1,123,40,100.0
chexpert-mimic-cxr-findings-baseline,gen_reports_as_ref,1,123,41,76.47058823529412
chexpert-mimic-cxr-findings-baseline,gen_reports_as_ref,1,123,42,100.0
chexpert-mimic-cxr-findings-baseline,gen_reports_as_ref,1,123,43,100.0
chexpert-mimic-cxr-findings-baseline,gen_reports_as_ref,1,123,44,88.88888888888889
chexpert-mimic-cxr-findings-baseline,gen_reports_as_ref,1,123,45,84.61538461538461
chexpert-mimic-cxr-findings-baseline,gen_reports_as_ref,1,123,46,100.0
chexpert-mimic-cxr-findings-baseline,gen_reports_as_ref,1,123,47,100.0
chexpert-mimic-cxr-findings-baseline,gen_reports_as_ref,1,123,48,77.77777777777779
chexpert-mimic-cxr-findings-baseline,gen_reports_as_ref,1,123,49,100.0
chexpert-mimic-cxr-findings-baseline,gen_reports_as_ref,1,123,50,81.81818181818183
chexpert-mimic-cxr-findings-baseline,gen_reports_as_ref,1,123,51,85.71428571428571
chexpert-mimic-cxr-findings-baseline,gen_reports_as_ref,1,123,52,100.0
chexpert-mimic-cxr-findings-baseline,gen_reports_as_ref,1,123,53,100.0
chexpert-mimic-cxr-findings-baseline,gen_reports_as_ref,1,123,54,100.0
chexpert-mimic-cxr-findings-baseline,gen_reports_as_ref,1,123,55,90.0
chexpert-mimic-cxr-findings-baseline,gen_reports_as_ref,1,123,56,75.0
chexpert-mimic-cxr-findings-baseline,gen_reports_as_ref,1,123,57,100.0
chexpert-mimic-cxr-findings-baseline,gen_reports_as_ref,1,123,58,100.0
chexpert-mimic-cxr-findings-baseline,gen_reports_as_ref,1,123,59,76.92307692307693
chexpert-mimic-cxr-findings-baseline,gen_reports_as_ref,1,123,60,100.0
chexpert-mimic-cxr-findings-baseline,gen_reports_as_ref,1,123,61,87.5
chexpert-mimic-cxr-findings-baseline,gen_reports_as_ref,1,123,62,100.0
chexpert-mimic-cxr-findings-baseline,gen_reports_as_ref,1,123,63,92.3076923076923
chexpert-mimic-cxr-findings-baseline,gen_reports_as_ref,1,123,64,71.42857142857143
chexpert-mimic-cxr-findings-baseline,gen_reports_as_ref,1,123,65,83.33333333333334
chexpert-mimic-cxr-findings-baseline,gen_reports_as_ref,1,123,66,81.81818181818183
chexpert-mimic-cxr-findings-baseline,gen_reports_as_ref,1,123,67,100.0
chexpert-mimic-cxr-findings-baseline,gen_reports_as_ref,1,123,68,71.42857142857143
chexpert-mimic-cxr-findings-baseline,gen_reports_as_ref,1,123,69,100.0
chexpert-mimic-cxr-findings-baseline,gen_reports_as_ref,1,123,70,100.0
chexpert-mimic-cxr-findings-baseline,gen_reports_as_ref,1,123,71,100.0
chexpert-mimic-cxr-findings-baseline,gen_reports_as_ref,1,123,72,85.71428571428571
chexpert-mimic-cxr-findings-baseline,gen_reports_as_ref,1,123,73,60.0
chexpert-mimic-cxr-findings-baseline,gen_reports_as_ref,1,123,74,100.0
chexpert-mimic-cxr-findings-baseline,gen_reports_as_ref,1,123,75,90.0
chexpert-mimic-cxr-findings-baseline,gen_reports_as_ref,1,123,76,100.0
chexpert-mimic-cxr-findings-baseline,gen_reports_as_ref,1,123,77,66.66666666666666
chexpert-mimic-cxr-findings-baseline,gen_reports_as_ref,1,123,78,100.0
chexpert-mimic-cxr-findings-baseline,gen_reports_as_ref,1,123,79,84.61538461538461
chexpert-mimic-cxr-findings-baseline,gen_reports_as_ref,1,123,80,100.0
chexpert-mimic-cxr-findings-baseline,gen_reports_as_ref,1,123,81,100.0
chexpert-mimic-cxr-findings-baseline,gen_reports_as_ref,1,123,82,81.25
chexpert-mimic-cxr-findings-baseline,gen_reports_as_ref,1,123,83,82.35294117647058
chexpert-mimic-cxr-findings-baseline,gen_reports_as_ref,1,123,84,75.0
chexpert-mimic-cxr-findings-baseline,gen_reports_as_ref,1,123,85,72.72727272727273
chexpert-mimic-cxr-findings-baseline,gen_reports_as_ref,1,123,86,65.0
chexpert-mimic-cxr-findings-baseline,gen_reports_as_ref,1,123,87,100.0
chexpert-mimic-cxr-findings-baseline,gen_reports_as_ref,1,123,88,54.54545454545454
chexpert-mimic-cxr-findings-baseline,gen_reports_as_ref,1,123,89,100.0
chexpert-mimic-cxr-findings-baseline,gen_reports_as_ref,1,123,90,85.71428571428571
chexpert-mimic-cxr-findings-baseline,gen_reports_as_ref,1,123,91,83.33333333333334
chexpert-mimic-cxr-findings-baseline,gen_reports_as_ref,1,123,92,58.333333333333336
chexpert-mimic-cxr-findings-baseline,gen_reports_as_ref,1,123,93,33.33333333333333
chexpert-mimic-cxr-findings-baseline,gen_reports_as_ref,1,123,94,100.0
chexpert-mimic-cxr-findings-baseline,gen_reports_as_ref,1,123,95,85.71428571428571
chexpert-mimic-cxr-findings-baseline,gen_reports_as_ref,1,123,96,100.0
chexpert-mimic-cxr-findings-baseline,gen_reports_as_ref,1,123,97,100.0
chexpert-mimic-cxr-findings-baseline,gen_reports_as_ref,1,123,98,70.0
chexpert-mimic-cxr-findings-baseline,gen_reports_as_ref,1,123,99,88.88888888888889
chexpert-mimic-cxr-findings-baseline,gen_reports_as_ref,1,123,100,100.0
chexpert-mimic-cxr-findings-baseline,gen_reports_as_ref,1,123,101,100.0
chexpert-mimic-cxr-findings-baseline,gen_reports_as_ref,1,123,102,70.0
chexpert-mimic-cxr-findings-baseline,gen_reports_as_ref,1,123,103,100.0
chexpert-mimic-cxr-findings-baseline,gen_reports_as_ref,1,123,104,100.0
chexpert-mimic-cxr-findings-baseline,gen_reports_as_ref,1,123,105,50.0
chexpert-mimic-cxr-findings-baseline,gen_reports_as_ref,1,123,106,50.0
chexpert-mimic-cxr-findings-baseline,gen_reports_as_ref,1,123,107,88.88888888888889
chexpert-mimic-cxr-findings-baseline,gen_reports_as_ref,1,123,108,81.81818181818183
chexpert-mimic-cxr-findings-baseline,gen_reports_as_ref,1,123,109,50.0
chexpert-mimic-cxr-findings-baseline,gen_reports_as_ref,1,123,110,100.0
chexpert-mimic-cxr-findings-baseline,gen_reports_as_ref,1,123,111,83.33333333333334
chexpert-mimic-cxr-findings-baseline,gen_reports_as_ref,1,123,112,100.0
chexpert-mimic-cxr-findings-baseline,gen_reports_as_ref,1,123,113,76.92307692307693
chexpert-mimic-cxr-findings-baseline,gen_reports_as_ref,1,123,114,87.5
chexpert-mimic-cxr-findings-baseline,gen_reports_as_ref,1,123,115,100.0
chexpert-mimic-cxr-findings-baseline,gen_reports_as_ref,1,123,116,100.0
chexpert-mimic-cxr-findings-baseline,gen_reports_as_ref,1,123,117,100.0
chexpert-mimic-cxr-findings-baseline,gen_reports_as_ref,1,123,118,50.0
chexpert-mimic-cxr-findings-baseline,gen_reports_as_ref,1,123,119,100.0
chexpert-mimic-cxr-findings-baseline,gen_reports_as_ref,1,123,120,80.0
chexpert-mimic-cxr-findings-baseline,gen_reports_as_ref,1,123,121,75.0
chexpert-mimic-cxr-findings-baseline,gen_reports_as_ref,1,123,122,100.0
chexpert-mimic-cxr-findings-baseline,gen_reports_as_ref,1,123,123,100.0
chexpert-mimic-cxr-findings-baseline,gen_reports_as_ref,1,123,124,100.0
chexpert-mimic-cxr-findings-baseline,gen_reports_as_ref,1,123,125,100.0
chexpert-mimic-cxr-findings-baseline,gen_reports_as_ref,1,123,126,100.0
chexpert-mimic-cxr-findings-baseline,gen_reports_as_ref,1,123,127,88.88888888888889
chexpert-mimic-cxr-findings-baseline,gen_reports_as_ref,1,123,128,100.0
chexpert-mimic-cxr-findings-baseline,gen_reports_as_ref,1,123,129,85.71428571428571
chexpert-mimic-cxr-findings-baseline,gen_reports_as_ref,1,123,130,75.0
chexpert-mimic-cxr-findings-baseline,gen_reports_as_ref,1,123,131,42.85714285714285
chexpert-mimic-cxr-findings-baseline,gen_reports_as_ref,1,123,132,100.0
chexpert-mimic-cxr-findings-baseline,gen_reports_as_ref,1,123,133,100.0
chexpert-mimic-cxr-findings-baseline,gen_reports_as_ref,1,123,134,75.0
chexpert-mimic-cxr-findings-baseline,gen_reports_as_ref,1,123,135,100.0
chexpert-mimic-cxr-findings-baseline,gen_reports_as_ref,1,123,136,100.0
chexpert-mimic-cxr-findings-baseline,gen_reports_as_ref,1,123,137,71.42857142857143
chexpert-mimic-cxr-findings-baseline,gen_reports_as_ref,1,123,138,100.0
chexpert-mimic-cxr-findings-baseline,gen_reports_as_ref,1,123,139,90.0
chexpert-mimic-cxr-findings-baseline,gen_reports_as_ref,1,123,140,100.0
chexpert-mimic-cxr-findings-baseline,gen_reports_as_ref,1,123,141,100.0
chexpert-mimic-cxr-findings-baseline,gen_reports_as_ref,1,123,142,75.0
chexpert-mimic-cxr-findings-baseline,gen_reports_as_ref,1,123,143,50.0
chexpert-mimic-cxr-findings-baseline,gen_reports_as_ref,1,123,144,100.0
chexpert-mimic-cxr-findings-baseline,gen_reports_as_ref,1,123,145,100.0
chexpert-mimic-cxr-findings-baseline,gen_reports_as_ref,1,123,146,62.5
chexpert-mimic-cxr-findings-baseline,gen_reports_as_ref,1,123,147,100.0
chexpert-mimic-cxr-findings-baseline,gen_reports_as_ref,1,123,148,88.88888888888889
chexpert-mimic-cxr-findings-baseline,gen_reports_as_ref,1,123,149,71.42857142857143
chexpert-mimic-cxr-findings-baseline,gen_reports_as_ref,1,123,150,100.0
chexpert-mimic-cxr-findings-baseline,gen_reports_as_ref,1,123,151,85.71428571428571
chexpert-mimic-cxr-findings-baseline,gen_reports_as_ref,1,123,152,100.0
chexpert-mimic-cxr-findings-baseline,gen_reports_as_ref,1,123,153,100.0
chexpert-mimic-cxr-findings-baseline,gen_reports_as_ref,1,123,154,66.66666666666666
chexpert-mimic-cxr-findings-baseline,gen_reports_as_ref,1,123,155,100.0
chexpert-mimic-cxr-findings-baseline,gen_reports_as_ref,1,123,156,100.0
chexpert-mimic-cxr-findings-baseline,gen_reports_as_ref,1,123,157,80.0
chexpert-mimic-cxr-findings-baseline,gen_reports_as_ref,1,123,158,71.42857142857143
chexpert-mimic-cxr-findings-baseline,gen_reports_as_ref,1,123,159,100.0
chexpert-mimic-cxr-findings-baseline,gen_reports_as_ref,1,123,160,90.9090909090909
chexpert-mimic-cxr-findings-baseline,gen_reports_as_ref,1,123,161,75.0
chexpert-mimic-cxr-findings-baseline,gen_reports_as_ref,1,123,162,93.33333333333331
chexpert-mimic-cxr-findings-baseline,gen_reports_as_ref,1,123,163,85.71428571428571
chexpert-mimic-cxr-findings-baseline,gen_reports_as_ref,1,123,164,72.72727272727273
chexpert-mimic-cxr-findings-baseline,gen_reports_as_ref,1,123,165,83.33333333333334
chexpert-mimic-cxr-findings-baseline,gen_reports_as_ref,1,123,166,100.0
chexpert-mimic-cxr-findings-baseline,gen_reports_as_ref,1,123,167,38.88888888888889
chexpert-mimic-cxr-findings-baseline,gen_reports_as_ref,1,123,168,100.0
chexpert-mimic-cxr-findings-baseline,gen_reports_as_ref,1,123,169,100.0
chexpert-mimic-cxr-findings-baseline,gen_reports_as_ref,1,123,170,100.0
chexpert-mimic-cxr-findings-baseline,gen_reports_as_ref,1,123,171,100.0
chexpert-mimic-cxr-findings-baseline,gen_reports_as_ref,1,123,172,47.82608695652174
chexpert-mimic-cxr-findings-baseline,gen_reports_as_ref,1,123,173,100.0
chexpert-mimic-cxr-findings-baseline,gen_reports_as_ref,1,123,174,100.0
chexpert-mimic-cxr-findings-baseline,gen_reports_as_ref,1,123,175,23.52941176470588
chexpert-mimic-cxr-findings-baseline,gen_reports_as_ref,1,123,176,90.9090909090909
chexpert-mimic-cxr-findings-baseline,gen_reports_as_ref,1,123,177,57.14285714285714
chexpert-mimic-cxr-findings-baseline,gen_reports_as_ref,1,123,178,91.66666666666666
chexpert-mimic-cxr-findings-baseline,gen_reports_as_ref,1,123,179,100.0
chexpert-mimic-cxr-findings-baseline,gen_reports_as_ref,1,123,180,100.0
chexpert-mimic-cxr-findings-baseline,gen_reports_as_ref,1,123,181,100.0
chexpert-mimic-cxr-findings-baseline,gen_reports_as_ref,1,123,182,50.0
chexpert-mimic-cxr-findings-baseline,gen_reports_as_ref,1,123,183,27.27272727272727
chexpert-mimic-cxr-findings-baseline,gen_reports_as_ref,1,123,184,100.0
chexpert-mimic-cxr-findings-baseline,gen_reports_as_ref,1,123,185,100.0
chexpert-mimic-cxr-findings-baseline,gen_reports_as_ref,1,123,186,38.88888888888889
chexpert-mimic-cxr-findings-baseline,gen_reports_as_ref,1,123,187,0.0
chexpert-mimic-cxr-findings-baseline,gen_reports_as_ref,1,123,188,87.5
chexpert-mimic-cxr-findings-baseline,gen_reports_as_ref,1,123,189,100.0
chexpert-mimic-cxr-findings-baseline,gen_reports_as_ref,1,123,190,88.88888888888889
chexpert-mimic-cxr-findings-baseline,gen_reports_as_ref,1,123,191,100.0
chexpert-mimic-cxr-findings-baseline,gen_reports_as_ref,1,123,192,8.695652173913043
chexpert-mimic-cxr-findings-baseline,gen_reports_as_ref,1,123,193,100.0
chexpert-mimic-cxr-findings-baseline,gen_reports_as_ref,1,123,194,100.0
chexpert-mimic-cxr-findings-baseline,gen_reports_as_ref,1,123,195,66.66666666666666
chexpert-mimic-cxr-findings-baseline,gen_reports_as_ref,1,123,196,100.0
chexpert-mimic-cxr-findings-baseline,gen_reports_as_ref,1,123,197,75.0
chexpert-mimic-cxr-findings-baseline,gen_reports_as_ref,1,123,198,100.0
chexpert-mimic-cxr-findings-baseline,gen_reports_as_ref,1,123,199,20.0
chexpert-mimic-cxr-findings-baseline,gen_reports_as_ref,1,123,200,100.0
chexpert-mimic-cxr-findings-baseline,gen_reports_as_ref,1,123,201,72.72727272727273
chexpert-mimic-cxr-findings-baseline,gen_reports_as_ref,1,123,202,71.42857142857143
chexpert-mimic-cxr-findings-baseline,gen_reports_as_ref,1,123,203,72.72727272727273
chexpert-mimic-cxr-findings-baseline,gen_reports_as_ref,1,123,204,90.9090909090909
chexpert-mimic-cxr-findings-baseline,gen_reports_as_ref,1,123,205,76.92307692307693
chexpert-mimic-cxr-findings-baseline,gen_reports_as_ref,1,123,206,50.0
chexpert-mimic-cxr-findings-baseline,gen_reports_as_ref,1,123,207,62.5
chexpert-mimic-cxr-findings-baseline,gen_reports_as_ref,1,123,208,100.0
chexpert-mimic-cxr-findings-baseline,gen_reports_as_ref,1,123,209,85.71428571428571
chexpert-mimic-cxr-findings-baseline,gen_reports_as_ref,1,123,210,81.81818181818183
chexpert-mimic-cxr-findings-baseline,gen_reports_as_ref,1,123,211,100.0
chexpert-mimic-cxr-findings-baseline,gen_reports_as_ref,1,123,212,100.0
chexpert-mimic-cxr-findings-baseline,gen_reports_as_ref,1,123,213,63.1578947368421
chexpert-mimic-cxr-findings-baseline,gen_reports_as_ref,1,123,214,50.0
chexpert-mimic-cxr-findings-baseline,gen_reports_as_ref,1,123,215,20.0
chexpert-mimic-cxr-findings-baseline,gen_reports_as_ref,1,123,216,71.42857142857143
chexpert-mimic-cxr-findings-baseline,gen_reports_as_ref,1,123,217,82.35294117647058
chexpert-mimic-cxr-findings-baseline,gen_reports_as_ref,1,123,218,76.92307692307693
chexpert-mimic-cxr-findings-baseline,gen_reports_as_ref,1,123,219,100.0
chexpert-mimic-cxr-findings-baseline,gen_reports_as_ref,1,123,220,87.5
chexpert-mimic-cxr-findings-baseline,gen_reports_as_ref,1,123,221,64.70588235294117
chexpert-mimic-cxr-findings-baseline,gen_reports_as_ref,1,123,222,100.0
chexpert-mimic-cxr-findings-baseline,gen_reports_as_ref,1,123,223,100.0
chexpert-mimic-cxr-findings-baseline,gen_reports_as_ref,1,123,224,100.0
chexpert-mimic-cxr-findings-baseline,gen_reports_as_ref,1,123,225,23.07692307692308
chexpert-mimic-cxr-findings-baseline,gen_reports_as_ref,1,123,226,90.0
chexpert-mimic-cxr-findings-baseline,gen_reports_as_ref,1,123,227,38.095238095238095
chexpert-mimic-cxr-findings-baseline,gen_reports_as_ref,1,123,228,100.0
chexpert-mimic-cxr-findings-baseline,gen_reports_as_ref,1,123,229,25.0
chexpert-mimic-cxr-findings-baseline,gen_reports_as_ref,1,123,230,100.0
chexpert-mimic-cxr-findings-baseline,gen_reports_as_ref,1,123,231,72.22222222222221
chexpert-mimic-cxr-findings-baseline,gen_reports_as_ref,1,123,232,83.33333333333334
chexpert-mimic-cxr-findings-baseline,gen_reports_as_ref,1,123,233,33.33333333333333
chexpert-mimic-cxr-findings-baseline,gen_reports_as_ref,1,123,234,87.5
chexpert-mimic-cxr-findings-baseline,gen_reports_as_ref,1,123,235,76.92307692307693
chexpert-mimic-cxr-findings-baseline,gen_reports_as_ref,1,123,236,90.9090909090909
chexpert-mimic-cxr-findings-baseline,gen_reports_as_ref,1,123,237,100.0
chexpert-mimic-cxr-findings-baseline,gen_reports_as_ref,1,123,238,77.77777777777779
chexpert-mimic-cxr-findings-baseline,gen_reports_as_ref,1,123,239,60.0
chexpert-mimic-cxr-findings-baseline,gen_reports_as_ref,1,123,240,100.0
chexpert-mimic-cxr-findings-baseline,gen_reports_as_ref,1,123,241,100.0
chexpert-mimic-cxr-findings-baseline,gen_reports_as_ref,1,123,242,90.0
chexpert-mimic-cxr-findings-baseline,gen_reports_as_ref,1,123,243,100.0
chexpert-mimic-cxr-findings-baseline,gen_reports_as_ref,1,123,244,37.5
chexpert-mimic-cxr-findings-baseline,gen_reports_as_ref,1,123,245,90.0
chexpert-mimic-cxr-findings-baseline,gen_reports_as_ref,1,123,246,78.57142857142857
chexpert-mimic-cxr-findings-baseline,gen_reports_as_ref,1,123,247,90.0
chexpert-mimic-cxr-findings-baseline,gen_reports_as_ref,1,123,248,80.0
chexpert-mimic-cxr-findings-baseline,gen_reports_as_ref,1,123,249,93.33333333333331
chexpert-mimic-cxr-findings-baseline,gen_reports_as_ref,1,123,250,80.0
chexpert-mimic-cxr-findings-baseline,gen_reports_as_ref,1,123,251,72.72727272727273
chexpert-mimic-cxr-findings-baseline,gen_reports_as_ref,1,123,252,75.0
chexpert-mimic-cxr-findings-baseline,gen_reports_as_ref,1,123,253,62.5
chexpert-mimic-cxr-findings-baseline,gen_reports_as_ref,1,123,254,42.85714285714285
chexpert-mimic-cxr-findings-baseline,gen_reports_as_ref,1,123,255,70.0
chexpert-mimic-cxr-findings-baseline,gen_reports_as_ref,1,123,256,81.81818181818183
chexpert-mimic-cxr-findings-baseline,gen_reports_as_ref,1,123,257,75.0
chexpert-mimic-cxr-findings-baseline,gen_reports_as_ref,1,123,258,75.0
chexpert-mimic-cxr-findings-baseline,gen_reports_as_ref,1,123,259,88.88888888888889
chexpert-mimic-cxr-findings-baseline,gen_reports_as_ref,1,123,260,42.85714285714285
chexpert-mimic-cxr-findings-baseline,gen_reports_as_ref,1,123,261,83.33333333333334
chexpert-mimic-cxr-findings-baseline,gen_reports_as_ref,1,123,262,94.11764705882352
chexpert-mimic-cxr-findings-baseline,gen_reports_as_ref,1,123,263,87.5
chexpert-mimic-cxr-findings-baseline,gen_reports_as_ref,1,123,264,100.0
chexpert-mimic-cxr-findings-baseline,gen_reports_as_ref,1,123,265,72.72727272727273
chexpert-mimic-cxr-findings-baseline,gen_reports_as_ref,1,123,266,100.0
chexpert-mimic-cxr-findings-baseline,gen_reports_as_ref,1,123,267,100.0
chexpert-mimic-cxr-findings-baseline,gen_reports_as_ref,1,123,268,87.5
chexpert-mimic-cxr-findings-baseline,gen_reports_as_ref,1,123,269,87.5
chexpert-mimic-cxr-findings-baseline,gen_reports_as_ref,1,123,270,100.0
chexpert-mimic-cxr-findings-baseline,gen_reports_as_ref,1,123,271,41.66666666666667
chexpert-mimic-cxr-findings-baseline,gen_reports_as_ref,1,123,272,45.45454545454545
chexpert-mimic-cxr-findings-baseline,gen_reports_as_ref,1,123,273,100.0
chexpert-mimic-cxr-findings-baseline,gen_reports_as_ref,1,123,274,100.0
chexpert-mimic-cxr-findings-baseline,gen_reports_as_ref,1,123,275,88.88888888888889
chexpert-mimic-cxr-findings-baseline,gen_reports_as_ref,1,123,276,81.81818181818183
chexpert-mimic-cxr-findings-baseline,gen_reports_as_ref,1,123,277,100.0
chexpert-mimic-cxr-findings-baseline,gen_reports_as_ref,1,123,278,87.5
chexpert-mimic-cxr-findings-baseline,gen_reports_as_ref,1,123,279,100.0
chexpert-mimic-cxr-findings-baseline,gen_reports_as_ref,1,123,280,64.28571428571429
chexpert-mimic-cxr-findings-baseline,gen_reports_as_ref,1,123,281,75.0
chexpert-mimic-cxr-findings-baseline,gen_reports_as_ref,1,123,282,86.66666666666667
chexpert-mimic-cxr-findings-baseline,gen_reports_as_ref,1,123,283,92.3076923076923
chexpert-mimic-cxr-findings-baseline,gen_reports_as_ref,1,123,284,90.0
chexpert-mimic-cxr-findings-baseline,gen_reports_as_ref,1,123,285,100.0
chexpert-mimic-cxr-findings-baseline,gen_reports_as_ref,1,123,286,100.0
chexpert-mimic-cxr-findings-baseline,gen_reports_as_ref,1,123,287,100.0
chexpert-mimic-cxr-findings-baseline,gen_reports_as_ref,1,123,288,83.33333333333334
chexpert-mimic-cxr-findings-baseline,gen_reports_as_ref,1,123,289,100.0
chexpert-mimic-cxr-findings-baseline,gen_reports_as_ref,1,123,290,53.333333333333336
chexpert-mimic-cxr-findings-baseline,gen_reports_as_ref,1,123,291,90.0
chexpert-mimic-cxr-findings-baseline,gen_reports_as_ref,1,123,292,100.0
chexpert-mimic-cxr-findings-baseline,gen_reports_as_ref,1,123,293,100.0
chexpert-mimic-cxr-findings-baseline,gen_reports_as_ref,1,123,294,100.0
chexpert-mimic-cxr-findings-baseline,gen_reports_as_ref,1,123,295,41.66666666666667
chexpert-mimic-cxr-findings-baseline,gen_reports_as_ref,1,123,296,80.0
chexpert-mimic-cxr-findings-baseline,gen_reports_as_ref,1,123,297,64.70588235294117
chexpert-mimic-cxr-findings-baseline,gen_reports_as_ref,1,123,298,100.0
chexpert-mimic-cxr-findings-baseline,gen_reports_as_ref,1,123,299,60.0
chexpert-mimic-cxr-findings-baseline,gen_reports_as_ref,1,123,300,83.33333333333334
chexpert-mimic-cxr-findings-baseline,gen_reports_as_ref,1,123,301,50.0
chexpert-mimic-cxr-findings-baseline,gen_reports_as_ref,1,123,302,94.73684210526316
chexpert-mimic-cxr-findings-baseline,gen_reports_as_ref,1,123,303,58.333333333333336
chexpert-mimic-cxr-findings-baseline,gen_reports_as_ref,1,123,304,100.0
chexpert-mimic-cxr-findings-baseline,gen_reports_as_ref,1,123,305,66.66666666666666
chexpert-mimic-cxr-findings-baseline,gen_reports_as_ref,1,123,306,100.0
chexpert-mimic-cxr-findings-baseline,gen_reports_as_ref,1,123,307,85.71428571428571
chexpert-mimic-cxr-findings-baseline,gen_reports_as_ref,1,123,308,100.0
chexpert-mimic-cxr-findings-baseline,gen_reports_as_ref,1,123,309,100.0
chexpert-mimic-cxr-findings-baseline,gen_reports_as_ref,1,123,310,73.68421052631578
chexpert-mimic-cxr-findings-baseline,gen_reports_as_ref,1,123,311,85.71428571428571
chexpert-mimic-cxr-findings-baseline,gen_reports_as_ref,1,123,312,100.0
chexpert-mimic-cxr-findings-baseline,gen_reports_as_ref,1,123,313,100.0
chexpert-mimic-cxr-findings-baseline,gen_reports_as_ref,1,123,314,85.71428571428571
chexpert-mimic-cxr-findings-baseline,gen_reports_as_ref,1,123,315,87.5
chexpert-mimic-cxr-findings-baseline,gen_reports_as_ref,1,123,316,63.63636363636363
chexpert-mimic-cxr-findings-baseline,gen_reports_as_ref,1,123,317,77.77777777777779
chexpert-mimic-cxr-findings-baseline,gen_reports_as_ref,1,123,318,82.35294117647058
chexpert-mimic-cxr-findings-baseline,gen_reports_as_ref,1,123,319,41.66666666666667
chexpert-mimic-cxr-findings-baseline,gen_reports_as_ref,1,123,320,100.0
chexpert-mimic-cxr-findings-baseline,gen_reports_as_ref,1,123,321,100.0
chexpert-mimic-cxr-findings-baseline,gen_reports_as_ref,1,123,322,5.555555555555555
chexpert-mimic-cxr-findings-baseline,gen_reports_as_ref,1,123,323,83.33333333333334
chexpert-mimic-cxr-findings-baseline,gen_reports_as_ref,1,123,324,64.70588235294117
chexpert-mimic-cxr-findings-baseline,gen_reports_as_ref,1,123,325,80.0
chexpert-mimic-cxr-findings-baseline,gen_reports_as_ref,1,123,326,93.75
chexpert-mimic-cxr-findings-baseline,gen_reports_as_ref,1,123,327,84.61538461538461
chexpert-mimic-cxr-findings-baseline,gen_reports_as_ref,1,123,328,87.5
chexpert-mimic-cxr-findings-baseline,gen_reports_as_ref,1,123,329,85.71428571428571
chexpert-mimic-cxr-findings-baseline,gen_reports_as_ref,1,123,330,4.3478260869565215
chexpert-mimic-cxr-findings-baseline,gen_reports_as_ref,1,123,331,60.0
chexpert-mimic-cxr-findings-baseline,gen_reports_as_ref,1,123,332,78.57142857142857
chexpert-mimic-cxr-findings-baseline,gen_reports_as_ref,1,123,333,100.0
chexpert-mimic-cxr-findings-baseline,gen_reports_as_ref,1,123,334,80.0
chexpert-mimic-cxr-findings-baseline,gen_reports_as_ref,1,123,335,100.0
chexpert-mimic-cxr-findings-baseline,gen_reports_as_ref,1,123,336,53.84615384615385
chexpert-mimic-cxr-findings-baseline,gen_reports_as_ref,1,123,337,78.57142857142857
chexpert-mimic-cxr-findings-baseline,gen_reports_as_ref,1,123,338,75.0
chexpert-mimic-cxr-findings-baseline,gen_reports_as_ref,1,123,339,100.0
chexpert-mimic-cxr-findings-baseline,gen_reports_as_ref,1,123,340,14.285714285714285
chexpert-mimic-cxr-findings-baseline,gen_reports_as_ref,1,123,341,69.23076923076923
chexpert-mimic-cxr-findings-baseline,gen_reports_as_ref,1,123,342,100.0
chexpert-mimic-cxr-findings-baseline,gen_reports_as_ref,1,123,343,100.0
chexpert-mimic-cxr-findings-baseline,gen_reports_as_ref,1,123,344,100.0
chexpert-mimic-cxr-findings-baseline,gen_reports_as_ref,1,123,345,81.81818181818183
chexpert-mimic-cxr-findings-baseline,gen_reports_as_ref,1,123,346,90.9090909090909
chexpert-mimic-cxr-findings-baseline,gen_reports_as_ref,1,123,347,37.5
chexpert-mimic-cxr-findings-baseline,gen_reports_as_ref,1,123,348,80.95238095238095
chexpert-mimic-cxr-findings-baseline,gen_reports_as_ref,1,123,349,100.0
chexpert-mimic-cxr-findings-baseline,gen_reports_as_ref,1,123,350,83.33333333333334
chexpert-mimic-cxr-findings-baseline,gen_reports_as_ref,1,123,351,46.15384615384615
chexpert-mimic-cxr-findings-baseline,gen_reports_as_ref,1,123,352,100.0
chexpert-mimic-cxr-findings-baseline,gen_reports_as_ref,1,123,353,83.33333333333334
chexpert-mimic-cxr-findings-baseline,gen_reports_as_ref,1,123,354,80.0
chexpert-mimic-cxr-findings-baseline,gen_reports_as_ref,1,123,355,33.33333333333333
chexpert-mimic-cxr-findings-baseline,gen_reports_as_ref,1,123,356,87.5
chexpert-mimic-cxr-findings-baseline,gen_reports_as_ref,1,123,357,100.0
chexpert-mimic-cxr-findings-baseline,gen_reports_as_ref,1,123,358,80.0
chexpert-mimic-cxr-findings-baseline,gen_reports_as_ref,1,123,359,100.0
chexpert-mimic-cxr-findings-baseline,gen_reports_as_ref,1,123,360,100.0
chexpert-mimic-cxr-findings-baseline,gen_reports_as_ref,1,123,361,64.28571428571429
chexpert-mimic-cxr-findings-baseline,gen_reports_as_ref,1,123,362,58.333333333333336
chexpert-mimic-cxr-findings-baseline,gen_reports_as_ref,1,123,363,81.81818181818183
chexpert-mimic-cxr-findings-baseline,gen_reports_as_ref,1,123,364,50.0
chexpert-mimic-cxr-findings-baseline,gen_reports_as_ref,1,123,365,56.25
chexpert-mimic-cxr-findings-baseline,gen_reports_as_ref,1,123,366,75.0
chexpert-mimic-cxr-findings-baseline,gen_reports_as_ref,1,123,367,72.72727272727273
chexpert-mimic-cxr-findings-baseline,gen_reports_as_ref,1,123,368,29.411764705882355
chexpert-mimic-cxr-findings-baseline,gen_reports_as_ref,1,123,369,87.5
chexpert-mimic-cxr-findings-baseline,gen_reports_as_ref,1,123,370,53.84615384615385
chexpert-mimic-cxr-findings-baseline,gen_reports_as_ref,1,123,371,100.0
chexpert-mimic-cxr-findings-baseline,gen_reports_as_ref,1,123,372,92.85714285714286
chexpert-mimic-cxr-findings-baseline,gen_reports_as_ref,1,123,373,88.88888888888889
chexpert-mimic-cxr-findings-baseline,gen_reports_as_ref,1,123,374,100.0
chexpert-mimic-cxr-findings-baseline,gen_reports_as_ref,1,123,375,100.0
chexpert-mimic-cxr-findings-baseline,gen_reports_as_ref,1,123,376,25.0
chexpert-mimic-cxr-findings-baseline,gen_reports_as_ref,1,123,377,62.5
chexpert-mimic-cxr-findings-baseline,gen_reports_as_ref,1,123,378,100.0
chexpert-mimic-cxr-findings-baseline,gen_reports_as_ref,1,123,379,66.66666666666666
chexpert-mimic-cxr-findings-baseline,gen_reports_as_ref,1,123,380,100.0
chexpert-mimic-cxr-findings-baseline,gen_reports_as_ref,1,123,381,66.66666666666666
chexpert-mimic-cxr-findings-baseline,gen_reports_as_ref,1,123,382,66.66666666666666
chexpert-mimic-cxr-findings-baseline,gen_reports_as_ref,1,123,383,66.66666666666666
chexpert-mimic-cxr-findings-baseline,gen_reports_as_ref,1,123,384,60.0
chexpert-mimic-cxr-findings-baseline,gen_reports_as_ref,1,123,385,78.57142857142857
chexpert-mimic-cxr-findings-baseline,gen_reports_as_ref,1,123,386,70.0
chexpert-mimic-cxr-findings-baseline,gen_reports_as_ref,1,123,387,90.9090909090909
chexpert-mimic-cxr-findings-baseline,gen_reports_as_ref,1,123,388,72.72727272727273
chexpert-mimic-cxr-findings-baseline,gen_reports_as_ref,1,123,389,66.66666666666666
chexpert-mimic-cxr-findings-baseline,gen_reports_as_ref,1,123,390,100.0
chexpert-mimic-cxr-findings-baseline,gen_reports_as_ref,1,123,391,75.0
chexpert-mimic-cxr-findings-baseline,gen_reports_as_ref,1,123,392,75.0
chexpert-mimic-cxr-findings-baseline,gen_reports_as_ref,1,123,393,22.22222222222222
chexpert-mimic-cxr-findings-baseline,gen_reports_as_ref,1,123,394,58.333333333333336
chexpert-mimic-cxr-findings-baseline,gen_reports_as_ref,1,123,395,100.0
chexpert-mimic-cxr-findings-baseline,gen_reports_as_ref,1,123,396,100.0
chexpert-mimic-cxr-findings-baseline,gen_reports_as_ref,1,123,397,87.5
chexpert-mimic-cxr-findings-baseline,gen_reports_as_ref,1,123,398,40.0
chexpert-mimic-cxr-findings-baseline,gen_reports_as_ref,1,123,399,100.0
chexpert-mimic-cxr-findings-baseline,gen_reports_as_ref,1,123,400,80.0
chexpert-mimic-cxr-findings-baseline,gen_reports_as_ref,1,123,401,100.0
chexpert-mimic-cxr-findings-baseline,gen_reports_as_ref,1,123,402,77.77777777777779
chexpert-mimic-cxr-findings-baseline,gen_reports_as_ref,1,123,403,100.0
chexpert-mimic-cxr-findings-baseline,gen_reports_as_ref,1,123,404,91.66666666666666
chexpert-mimic-cxr-findings-baseline,gen_reports_as_ref,1,123,405,100.0
chexpert-mimic-cxr-findings-baseline,gen_reports_as_ref,1,123,406,0.0
chexpert-mimic-cxr-findings-baseline,gen_reports_as_ref,1,123,407,73.33333333333333
chexpert-mimic-cxr-findings-baseline,gen_reports_as_ref,1,123,408,100.0
chexpert-mimic-cxr-findings-baseline,gen_reports_as_ref,1,123,409,71.42857142857143
chexpert-mimic-cxr-findings-baseline,gen_reports_as_ref,1,123,410,87.5
chexpert-mimic-cxr-findings-baseline,gen_reports_as_ref,1,123,411,100.0
chexpert-mimic-cxr-findings-baseline,gen_reports_as_ref,1,123,412,60.0
chexpert-mimic-cxr-findings-baseline,gen_reports_as_ref,1,123,413,100.0
chexpert-mimic-cxr-findings-baseline,gen_reports_as_ref,1,123,414,100.0
chexpert-mimic-cxr-findings-baseline,gen_reports_as_ref,1,123,415,78.57142857142857
chexpert-mimic-cxr-findings-baseline,gen_reports_as_ref,1,123,416,43.75
chexpert-mimic-cxr-findings-baseline,gen_reports_as_ref,1,123,417,94.44444444444444
chexpert-mimic-cxr-findings-baseline,gen_reports_as_ref,1,123,418,77.77777777777779
chexpert-mimic-cxr-findings-baseline,gen_reports_as_ref,1,123,419,100.0
chexpert-mimic-cxr-findings-baseline,gen_reports_as_ref,1,123,420,81.81818181818183
chexpert-mimic-cxr-findings-baseline,gen_reports_as_ref,1,123,421,100.0
chexpert-mimic-cxr-findings-baseline,gen_reports_as_ref,1,123,422,75.0
chexpert-mimic-cxr-findings-baseline,gen_reports_as_ref,1,123,423,100.0
chexpert-mimic-cxr-findings-baseline,gen_reports_as_ref,1,123,424,85.71428571428571
chexpert-mimic-cxr-findings-baseline,gen_reports_as_ref,1,123,425,78.57142857142857
chexpert-mimic-cxr-findings-baseline,gen_reports_as_ref,1,123,426,40.0
chexpert-mimic-cxr-findings-baseline,gen_reports_as_ref,1,123,427,100.0
chexpert-mimic-cxr-findings-baseline,gen_reports_as_ref,1,123,428,86.66666666666667
chexpert-mimic-cxr-findings-baseline,gen_reports_as_ref,1,123,429,50.0
chexpert-mimic-cxr-findings-baseline,gen_reports_as_ref,1,123,430,45.45454545454545
chexpert-mimic-cxr-findings-baseline,gen_reports_as_ref,1,123,431,60.0
chexpert-mimic-cxr-findings-baseline,gen_reports_as_ref,1,123,432,26.666666666666668
chexpert-mimic-cxr-findings-baseline,gen_reports_as_ref,1,123,433,92.85714285714286
chexpert-mimic-cxr-findings-baseline,gen_reports_as_ref,1,123,434,90.0
chexpert-mimic-cxr-findings-baseline,gen_reports_as_ref,1,123,435,58.82352941176471
chexpert-mimic-cxr-findings-baseline,gen_reports_as_ref,1,123,436,83.33333333333334
chexpert-mimic-cxr-findings-baseline,gen_reports_as_ref,1,123,437,100.0
chexpert-mimic-cxr-findings-baseline,gen_reports_as_ref,1,123,438,78.57142857142857
chexpert-mimic-cxr-findings-baseline,gen_reports_as_ref,1,123,439,100.0
chexpert-mimic-cxr-findings-baseline,gen_reports_as_ref,1,123,440,85.71428571428571
chexpert-mimic-cxr-findings-baseline,gen_reports_as_ref,1,123,441,46.15384615384615
chexpert-mimic-cxr-findings-baseline,gen_reports_as_ref,1,123,442,83.33333333333334
chexpert-mimic-cxr-findings-baseline,gen_reports_as_ref,1,123,443,69.23076923076923
chexpert-mimic-cxr-findings-baseline,gen_reports_as_ref,1,123,444,100.0
chexpert-mimic-cxr-findings-baseline,gen_reports_as_ref,1,123,445,44.44444444444444
chexpert-mimic-cxr-findings-baseline,gen_reports_as_ref,1,123,446,58.333333333333336
chexpert-mimic-cxr-findings-baseline,gen_reports_as_ref,1,123,447,50.0
chexpert-mimic-cxr-findings-baseline,gen_reports_as_ref,1,123,448,100.0
chexpert-mimic-cxr-findings-baseline,gen_reports_as_ref,1,123,449,100.0
chexpert-mimic-cxr-findings-baseline,gen_reports_as_ref,1,123,450,90.0
chexpert-mimic-cxr-findings-baseline,gen_reports_as_ref,1,123,451,33.33333333333333
chexpert-mimic-cxr-findings-baseline,gen_reports_as_ref,1,123,452,90.9090909090909
chexpert-mimic-cxr-findings-baseline,gen_reports_as_ref,1,123,453,25.0
chexpert-mimic-cxr-findings-baseline,gen_reports_as_ref,1,123,454,100.0
chexpert-mimic-cxr-findings-baseline,gen_reports_as_ref,1,123,455,100.0
chexpert-mimic-cxr-findings-baseline,gen_reports_as_ref,1,123,456,100.0
chexpert-mimic-cxr-findings-baseline,gen_reports_as_ref,1,123,457,100.0
chexpert-mimic-cxr-findings-baseline,gen_reports_as_ref,1,123,458,66.66666666666666
chexpert-mimic-cxr-findings-baseline,gen_reports_as_ref,1,123,459,57.14285714285714
chexpert-mimic-cxr-findings-baseline,gen_reports_as_ref,1,123,460,83.33333333333334
chexpert-mimic-cxr-findings-baseline,gen_reports_as_ref,1,123,461,100.0
chexpert-mimic-cxr-findings-baseline,gen_reports_as_ref,1,123,462,100.0
chexpert-mimic-cxr-findings-baseline,gen_reports_as_ref,1,123,463,72.72727272727273
chexpert-mimic-cxr-findings-baseline,gen_reports_as_ref,1,123,464,100.0
chexpert-mimic-cxr-findings-baseline,gen_reports_as_ref,1,123,465,100.0
chexpert-mimic-cxr-findings-baseline,gen_reports_as_ref,1,123,466,22.22222222222222
chexpert-mimic-cxr-findings-baseline,gen_reports_as_ref,1,123,467,71.42857142857143
chexpert-mimic-cxr-findings-baseline,gen_reports_as_ref,1,123,468,100.0
chexpert-mimic-cxr-findings-baseline,gen_reports_as_ref,1,123,469,62.5
chexpert-mimic-cxr-findings-baseline,gen_reports_as_ref,1,123,470,60.0
chexpert-mimic-cxr-findings-baseline,gen_reports_as_ref,1,123,471,31.25
chexpert-mimic-cxr-findings-baseline,gen_reports_as_ref,1,123,472,60.0
chexpert-mimic-cxr-findings-baseline,gen_reports_as_ref,1,123,473,37.5
chexpert-mimic-cxr-findings-baseline,gen_reports_as_ref,1,123,474,62.5
chexpert-mimic-cxr-findings-baseline,gen_reports_as_ref,1,123,475,75.0
chexpert-mimic-cxr-findings-baseline,gen_reports_as_ref,1,123,476,50.0
chexpert-mimic-cxr-findings-baseline,gen_reports_as_ref,1,123,477,75.0
chexpert-mimic-cxr-findings-baseline,gen_reports_as_ref,1,123,478,64.28571428571429
chexpert-mimic-cxr-findings-baseline,gen_reports_as_ref,1,123,479,100.0
chexpert-mimic-cxr-findings-baseline,gen_reports_as_ref,1,123,480,100.0
chexpert-mimic-cxr-findings-baseline,gen_reports_as_ref,1,123,481,57.14285714285714
chexpert-mimic-cxr-findings-baseline,gen_reports_as_ref,1,123,482,16.666666666666664
chexpert-mimic-cxr-findings-baseline,gen_reports_as_ref,1,123,483,83.33333333333334
chexpert-mimic-cxr-findings-baseline,gen_reports_as_ref,1,123,484,100.0
chexpert-mimic-cxr-findings-baseline,gen_reports_as_ref,1,123,485,50.0
chexpert-mimic-cxr-findings-baseline,gen_reports_as_ref,1,123,486,66.66666666666666
chexpert-mimic-cxr-findings-baseline,gen_reports_as_ref,1,123,487,100.0
chexpert-mimic-cxr-findings-baseline,gen_reports_as_ref,1,123,488,100.0
chexpert-mimic-cxr-findings-baseline,gen_reports_as_ref,1,123,489,70.0
chexpert-mimic-cxr-findings-baseline,gen_reports_as_ref,1,123,490,78.57142857142857
chexpert-mimic-cxr-findings-baseline,gen_reports_as_ref,1,123,491,83.33333333333334
chexpert-mimic-cxr-findings-baseline,gen_reports_as_ref,1,123,492,42.85714285714285
chexpert-mimic-cxr-findings-baseline,gen_reports_as_ref,1,123,493,87.5
chexpert-mimic-cxr-findings-baseline,gen_reports_as_ref,1,123,494,100.0
chexpert-mimic-cxr-findings-baseline,gen_reports_as_ref,1,123,495,41.66666666666667
chexpert-mimic-cxr-findings-baseline,gen_reports_as_ref,1,123,496,100.0
chexpert-mimic-cxr-findings-baseline,gen_reports_as_ref,1,123,497,35.294117647058826
chexpert-mimic-cxr-findings-baseline,gen_reports_as_ref,1,123,498,68.42105263157895
chexpert-mimic-cxr-findings-baseline,gen_reports_as_ref,1,123,499,35.294117647058826
chexpert-mimic-cxr-findings-baseline,gen_reports_as_ref,1,123,500,93.75
chexpert-mimic-cxr-findings-baseline,gen_reports_as_ref,1,123,501,44.44444444444444
chexpert-mimic-cxr-findings-baseline,gen_reports_as_ref,1,123,502,65.0
chexpert-mimic-cxr-findings-baseline,gen_reports_as_ref,1,123,503,84.61538461538461
chexpert-mimic-cxr-findings-baseline,gen_reports_as_ref,1,123,504,50.0
chexpert-mimic-cxr-findings-baseline,gen_reports_as_ref,1,123,505,60.0
chexpert-mimic-cxr-findings-baseline,gen_reports_as_ref,1,123,506,90.0
chexpert-mimic-cxr-findings-baseline,gen_reports_as_ref,1,123,507,50.0
chexpert-mimic-cxr-findings-baseline,gen_reports_as_ref,1,123,508,100.0
chexpert-mimic-cxr-findings-baseline,gen_reports_as_ref,1,123,509,76.92307692307693
chexpert-mimic-cxr-findings-baseline,gen_reports_as_ref,1,123,510,80.0
chexpert-mimic-cxr-findings-baseline,gen_reports_as_ref,1,123,511,100.0
chexpert-mimic-cxr-findings-baseline,gen_reports_as_ref,1,123,512,57.14285714285714
chexpert-mimic-cxr-findings-baseline,gen_reports_as_ref,1,123,513,75.0
chexpert-mimic-cxr-findings-baseline,gen_reports_as_ref,1,123,514,100.0
chexpert-mimic-cxr-findings-baseline,gen_reports_as_ref,1,123,515,47.61904761904761
chexpert-mimic-cxr-findings-baseline,gen_reports_as_ref,1,123,516,71.42857142857143
chexpert-mimic-cxr-findings-baseline,gen_reports_as_ref,1,123,517,90.0
chexpert-mimic-cxr-findings-baseline,gen_reports_as_ref,1,123,518,54.54545454545454
chexpert-mimic-cxr-findings-baseline,gen_reports_as_ref,1,123,519,100.0
chexpert-mimic-cxr-findings-baseline,gen_reports_as_ref,1,123,520,42.85714285714285
chexpert-mimic-cxr-findings-baseline,gen_reports_as_ref,1,123,521,73.68421052631578
chexpert-mimic-cxr-findings-baseline,gen_reports_as_ref,1,123,522,100.0
chexpert-mimic-cxr-findings-baseline,gen_reports_as_ref,1,123,523,100.0
chexpert-mimic-cxr-findings-baseline,gen_reports_as_ref,1,123,524,66.66666666666666
chexpert-mimic-cxr-findings-baseline,gen_reports_as_ref,1,123,525,87.5
chexpert-mimic-cxr-findings-baseline,gen_reports_as_ref,1,123,526,28.57142857142857
chexpert-mimic-cxr-findings-baseline,gen_reports_as_ref,1,123,527,71.42857142857143
chexpert-mimic-cxr-findings-baseline,gen_reports_as_ref,1,123,528,93.33333333333331
chexpert-mimic-cxr-findings-baseline,gen_reports_as_ref,1,123,529,100.0
chexpert-mimic-cxr-findings-baseline,gen_reports_as_ref,1,123,530,50.0
chexpert-mimic-cxr-findings-baseline,gen_reports_as_ref,1,123,531,77.77777777777779
chexpert-mimic-cxr-findings-baseline,gen_reports_as_ref,1,123,532,100.0
chexpert-mimic-cxr-findings-baseline,gen_reports_as_ref,1,123,533,22.727272727272727
chexpert-mimic-cxr-findings-baseline,gen_reports_as_ref,1,123,534,100.0
chexpert-mimic-cxr-findings-baseline,gen_reports_as_ref,1,123,535,50.0
chexpert-mimic-cxr-findings-baseline,gen_reports_as_ref,1,123,536,84.21052631578947
chexpert-mimic-cxr-findings-baseline,gen_reports_as_ref,1,123,537,63.63636363636363
chexpert-mimic-cxr-findings-baseline,gen_reports_as_ref,1,123,538,46.66666666666666
chexpert-mimic-cxr-findings-baseline,gen_reports_as_ref,1,123,539,100.0
chexpert-mimic-cxr-findings-baseline,gen_reports_as_ref,1,123,540,52.94117647058824
chexpert-mimic-cxr-findings-baseline,gen_reports_as_ref,1,123,541,100.0
chexpert-mimic-cxr-findings-baseline,gen_reports_as_ref,1,123,542,66.66666666666666
chexpert-mimic-cxr-findings-baseline,gen_reports_as_ref,1,123,543,62.5
chexpert-mimic-cxr-findings-baseline,gen_reports_as_ref,1,123,544,90.9090909090909
chexpert-mimic-cxr-findings-baseline,gen_reports_as_ref,1,123,545,50.0
chexpert-mimic-cxr-findings-baseline,gen_reports_as_ref,1,123,546,100.0
chexpert-mimic-cxr-findings-baseline,gen_reports_as_ref,1,123,547,88.88888888888889
chexpert-mimic-cxr-findings-baseline,gen_reports_as_ref,1,123,548,75.0
chexpert-mimic-cxr-findings-baseline,gen_reports_as_ref,1,123,549,28.57142857142857
chexpert-mimic-cxr-findings-baseline,gen_reports_as_ref,1,123,550,81.25
chexpert-mimic-cxr-findings-baseline,gen_reports_as_ref,1,123,551,100.0
chexpert-mimic-cxr-findings-baseline,gen_reports_as_ref,1,123,552,83.33333333333334
chexpert-mimic-cxr-findings-baseline,gen_reports_as_ref,1,123,553,70.58823529411765
chexpert-mimic-cxr-findings-baseline,gen_reports_as_ref,1,123,554,71.42857142857143
chexpert-mimic-cxr-findings-baseline,gen_reports_as_ref,1,123,555,100.0
chexpert-mimic-cxr-findings-baseline,gen_reports_as_ref,1,123,556,62.5
chexpert-mimic-cxr-findings-baseline,gen_reports_as_ref,1,123,557,100.0
chexpert-mimic-cxr-findings-baseline,gen_reports_as_ref,1,123,558,60.0
chexpert-mimic-cxr-findings-baseline,gen_reports_as_ref,1,123,559,61.53846153846154
chexpert-mimic-cxr-findings-baseline,gen_reports_as_ref,1,123,560,100.0
chexpert-mimic-cxr-findings-baseline,gen_reports_as_ref,1,123,561,37.5
chexpert-mimic-cxr-findings-baseline,gen_reports_as_ref,1,123,562,42.85714285714285
chexpert-mimic-cxr-findings-baseline,gen_reports_as_ref,1,123,563,81.25
chexpert-mimic-cxr-findings-baseline,gen_reports_as_ref,1,123,564,37.5
chexpert-mimic-cxr-findings-baseline,gen_reports_as_ref,1,123,565,52.63157894736842
chexpert-mimic-cxr-findings-baseline,gen_reports_as_ref,1,123,566,100.0
chexpert-mimic-cxr-findings-baseline,gen_reports_as_ref,1,123,567,100.0
chexpert-mimic-cxr-findings-baseline,gen_reports_as_ref,1,123,568,50.0
chexpert-mimic-cxr-findings-baseline,gen_reports_as_ref,1,123,569,100.0
chexpert-mimic-cxr-findings-baseline,gen_reports_as_ref,1,123,570,100.0
chexpert-mimic-cxr-findings-baseline,gen_reports_as_ref,1,123,571,29.411764705882355
chexpert-mimic-cxr-findings-baseline,gen_reports_as_ref,1,123,572,90.9090909090909
chexpert-mimic-cxr-findings-baseline,gen_reports_as_ref,1,123,573,100.0
chexpert-mimic-cxr-findings-baseline,gen_reports_as_ref,1,123,574,100.0
chexpert-mimic-cxr-findings-baseline,gen_reports_as_ref,1,123,575,100.0
chexpert-mimic-cxr-findings-baseline,gen_reports_as_ref,1,123,576,83.33333333333334
chexpert-mimic-cxr-findings-baseline,gen_reports_as_ref,1,123,577,25.0
chexpert-mimic-cxr-findings-baseline,gen_reports_as_ref,1,123,578,46.66666666666666
chexpert-mimic-cxr-findings-baseline,gen_reports_as_ref,1,123,579,82.35294117647058
chexpert-mimic-cxr-findings-baseline,gen_reports_as_ref,1,123,580,85.71428571428571
chexpert-mimic-cxr-findings-baseline,gen_reports_as_ref,1,123,581,100.0
chexpert-mimic-cxr-findings-baseline,gen_reports_as_ref,1,123,582,57.89473684210527
chexpert-mimic-cxr-findings-baseline,gen_reports_as_ref,1,123,583,43.75
chexpert-mimic-cxr-findings-baseline,gen_reports_as_ref,1,123,584,100.0
chexpert-mimic-cxr-findings-baseline,gen_reports_as_ref,1,123,585,100.0
chexpert-mimic-cxr-findings-baseline,gen_reports_as_ref,1,123,586,82.35294117647058
chexpert-mimic-cxr-findings-baseline,gen_reports_as_ref,1,123,587,100.0
chexpert-mimic-cxr-findings-baseline,gen_reports_as_ref,1,123,588,63.63636363636363
chexpert-mimic-cxr-findings-baseline,gen_reports_as_ref,1,123,589,54.54545454545454
mimic-cxr-findings-baseline,gt_reports_as_ref,1,123,0,88.88888888888889
mimic-cxr-findings-baseline,gt_reports_as_ref,1,123,1,60.0
mimic-cxr-findings-baseline,gt_reports_as_ref,1,123,2,100.0
mimic-cxr-findings-baseline,gt_reports_as_ref,1,123,3,54.54545454545454
mimic-cxr-findings-baseline,gt_reports_as_ref,1,123,4,83.33333333333334
mimic-cxr-findings-baseline,gt_reports_as_ref,1,123,5,62.5
mimic-cxr-findings-baseline,gt_reports_as_ref,1,123,6,92.85714285714286
mimic-cxr-findings-baseline,gt_reports_as_ref,1,123,7,100.0
mimic-cxr-findings-baseline,gt_reports_as_ref,1,123,8,100.0
mimic-cxr-findings-baseline,gt_reports_as_ref,1,123,9,75.0
mimic-cxr-findings-baseline,gt_reports_as_ref,1,123,10,83.33333333333334
mimic-cxr-findings-baseline,gt_reports_as_ref,1,123,11,100.0
mimic-cxr-findings-baseline,gt_reports_as_ref,1,123,12,100.0
mimic-cxr-findings-baseline,gt_reports_as_ref,1,123,13,85.71428571428571
mimic-cxr-findings-baseline,gt_reports_as_ref,1,123,14,100.0
mimic-cxr-findings-baseline,gt_reports_as_ref,1,123,15,66.66666666666666
mimic-cxr-findings-baseline,gt_reports_as_ref,1,123,16,58.333333333333336
mimic-cxr-findings-baseline,gt_reports_as_ref,1,123,17,88.23529411764706
mimic-cxr-findings-baseline,gt_reports_as_ref,1,123,18,28.57142857142857
mimic-cxr-findings-baseline,gt_reports_as_ref,1,123,19,76.92307692307693
mimic-cxr-findings-baseline,gt_reports_as_ref,1,123,20,88.88888888888889
mimic-cxr-findings-baseline,gt_reports_as_ref,1,123,21,87.5
mimic-cxr-findings-baseline,gt_reports_as_ref,1,123,22,100.0
mimic-cxr-findings-baseline,gt_reports_as_ref,1,123,23,72.72727272727273
mimic-cxr-findings-baseline,gt_reports_as_ref,1,123,24,72.72727272727273
mimic-cxr-findings-baseline,gt_reports_as_ref,1,123,25,100.0
mimic-cxr-findings-baseline,gt_reports_as_ref,1,123,26,76.47058823529412
mimic-cxr-findings-baseline,gt_reports_as_ref,1,123,27,92.3076923076923
mimic-cxr-findings-baseline,gt_reports_as_ref,1,123,28,55.55555555555556
mimic-cxr-findings-baseline,gt_reports_as_ref,1,123,29,36.36363636363637
mimic-cxr-findings-baseline,gt_reports_as_ref,1,123,30,100.0
mimic-cxr-findings-baseline,gt_reports_as_ref,1,123,31,71.42857142857143
mimic-cxr-findings-baseline,gt_reports_as_ref,1,123,32,100.0
mimic-cxr-findings-baseline,gt_reports_as_ref,1,123,33,80.0
mimic-cxr-findings-baseline,gt_reports_as_ref,1,123,34,93.75
mimic-cxr-findings-baseline,gt_reports_as_ref,1,123,35,100.0
mimic-cxr-findings-baseline,gt_reports_as_ref,1,123,36,100.0
mimic-cxr-findings-baseline,gt_reports_as_ref,1,123,37,76.92307692307693
mimic-cxr-findings-baseline,gt_reports_as_ref,1,123,38,42.85714285714285
mimic-cxr-findings-baseline,gt_reports_as_ref,1,123,39,83.33333333333334
mimic-cxr-findings-baseline,gt_reports_as_ref,1,123,40,100.0
mimic-cxr-findings-baseline,gt_reports_as_ref,1,123,41,70.0
mimic-cxr-findings-baseline,gt_reports_as_ref,1,123,42,62.5
mimic-cxr-findings-baseline,gt_reports_as_ref,1,123,43,78.57142857142857
mimic-cxr-findings-baseline,gt_reports_as_ref,1,123,44,72.72727272727273
mimic-cxr-findings-baseline,gt_reports_as_ref,1,123,45,100.0
mimic-cxr-findings-baseline,gt_reports_as_ref,1,123,46,46.15384615384615
mimic-cxr-findings-baseline,gt_reports_as_ref,1,123,47,50.0
mimic-cxr-findings-baseline,gt_reports_as_ref,1,123,48,73.91304347826086
mimic-cxr-findings-baseline,gt_reports_as_ref,1,123,49,100.0
mimic-cxr-findings-baseline,gt_reports_as_ref,1,123,50,76.92307692307693
mimic-cxr-findings-baseline,gt_reports_as_ref,1,123,51,63.63636363636363
mimic-cxr-findings-baseline,gt_reports_as_ref,1,123,52,85.71428571428571
mimic-cxr-findings-baseline,gt_reports_as_ref,1,123,53,92.3076923076923
mimic-cxr-findings-baseline,gt_reports_as_ref,1,123,54,100.0
mimic-cxr-findings-baseline,gt_reports_as_ref,1,123,55,50.0
mimic-cxr-findings-baseline,gt_reports_as_ref,1,123,56,75.0
mimic-cxr-findings-baseline,gt_reports_as_ref,1,123,57,68.75
mimic-cxr-findings-baseline,gt_reports_as_ref,1,123,58,75.0
mimic-cxr-findings-baseline,gt_reports_as_ref,1,123,59,91.66666666666666
mimic-cxr-findings-baseline,gt_reports_as_ref,1,123,60,84.61538461538461
mimic-cxr-findings-baseline,gt_reports_as_ref,1,123,61,66.66666666666666
mimic-cxr-findings-baseline,gt_reports_as_ref,1,123,62,85.71428571428571
mimic-cxr-findings-baseline,gt_reports_as_ref,1,123,63,88.88888888888889
mimic-cxr-findings-baseline,gt_reports_as_ref,1,123,64,87.5
mimic-cxr-findings-baseline,gt_reports_as_ref,1,123,65,100.0
mimic-cxr-findings-baseline,gt_reports_as_ref,1,123,66,71.42857142857143
mimic-cxr-findings-baseline,gt_reports_as_ref,1,123,67,100.0
mimic-cxr-findings-baseline,gt_reports_as_ref,1,123,68,100.0
mimic-cxr-findings-baseline,gt_reports_as_ref,1,123,69,28.57142857142857
mimic-cxr-findings-baseline,gt_reports_as_ref,1,123,70,80.0
mimic-cxr-findings-baseline,gt_reports_as_ref,1,123,71,71.42857142857143
mimic-cxr-findings-baseline,gt_reports_as_ref,1,123,72,100.0
mimic-cxr-findings-baseline,gt_reports_as_ref,1,123,73,100.0
mimic-cxr-findings-baseline,gt_reports_as_ref,1,123,74,75.0
mimic-cxr-findings-baseline,gt_reports_as_ref,1,123,75,66.66666666666666
mimic-cxr-findings-baseline,gt_reports_as_ref,1,123,76,83.33333333333334
mimic-cxr-findings-baseline,gt_reports_as_ref,1,123,77,100.0
mimic-cxr-findings-baseline,gt_reports_as_ref,1,123,78,100.0
mimic-cxr-findings-baseline,gt_reports_as_ref,1,123,79,94.44444444444444
mimic-cxr-findings-baseline,gt_reports_as_ref,1,123,80,100.0
mimic-cxr-findings-baseline,gt_reports_as_ref,1,123,81,85.71428571428571
mimic-cxr-findings-baseline,gt_reports_as_ref,1,123,82,90.0
mimic-cxr-findings-baseline,gt_reports_as_ref,1,123,83,87.5
mimic-cxr-findings-baseline,gt_reports_as_ref,1,123,84,85.71428571428571
mimic-cxr-findings-baseline,gt_reports_as_ref,1,123,85,100.0
mimic-cxr-findings-baseline,gt_reports_as_ref,1,123,86,71.42857142857143
mimic-cxr-findings-baseline,gt_reports_as_ref,1,123,87,92.85714285714286
mimic-cxr-findings-baseline,gt_reports_as_ref,1,123,88,80.0
mimic-cxr-findings-baseline,gt_reports_as_ref,1,123,89,100.0
mimic-cxr-findings-baseline,gt_reports_as_ref,1,123,90,75.0
mimic-cxr-findings-baseline,gt_reports_as_ref,1,123,91,63.63636363636363
mimic-cxr-findings-baseline,gt_reports_as_ref,1,123,92,90.0
mimic-cxr-findings-baseline,gt_reports_as_ref,1,123,93,33.33333333333333
mimic-cxr-findings-baseline,gt_reports_as_ref,1,123,94,50.0
mimic-cxr-findings-baseline,gt_reports_as_ref,1,123,95,77.77777777777779
mimic-cxr-findings-baseline,gt_reports_as_ref,1,123,96,100.0
mimic-cxr-findings-baseline,gt_reports_as_ref,1,123,97,100.0
mimic-cxr-findings-baseline,gt_reports_as_ref,1,123,98,100.0
mimic-cxr-findings-baseline,gt_reports_as_ref,1,123,99,90.9090909090909
mimic-cxr-findings-baseline,gt_reports_as_ref,1,123,100,75.0
mimic-cxr-findings-baseline,gt_reports_as_ref,1,123,101,100.0
mimic-cxr-findings-baseline,gt_reports_as_ref,1,123,102,25.0
mimic-cxr-findings-baseline,gt_reports_as_ref,1,123,103,70.0
mimic-cxr-findings-baseline,gt_reports_as_ref,1,123,104,100.0
mimic-cxr-findings-baseline,gt_reports_as_ref,1,123,105,87.5
mimic-cxr-findings-baseline,gt_reports_as_ref,1,123,106,100.0
mimic-cxr-findings-baseline,gt_reports_as_ref,1,123,107,100.0
mimic-cxr-findings-baseline,gt_reports_as_ref,1,123,108,100.0
mimic-cxr-findings-baseline,gt_reports_as_ref,1,123,109,84.61538461538461
mimic-cxr-findings-baseline,gt_reports_as_ref,1,123,110,55.55555555555556
mimic-cxr-findings-baseline,gt_reports_as_ref,1,123,111,41.66666666666667
mimic-cxr-findings-baseline,gt_reports_as_ref,1,123,112,92.3076923076923
mimic-cxr-findings-baseline,gt_reports_as_ref,1,123,113,80.0
mimic-cxr-findings-baseline,gt_reports_as_ref,1,123,114,81.81818181818183
mimic-cxr-findings-baseline,gt_reports_as_ref,1,123,115,90.9090909090909
mimic-cxr-findings-baseline,gt_reports_as_ref,1,123,116,53.84615384615385
mimic-cxr-findings-baseline,gt_reports_as_ref,1,123,117,100.0
mimic-cxr-findings-baseline,gt_reports_as_ref,1,123,118,100.0
mimic-cxr-findings-baseline,gt_reports_as_ref,1,123,119,50.0
mimic-cxr-findings-baseline,gt_reports_as_ref,1,123,120,72.72727272727273
mimic-cxr-findings-baseline,gt_reports_as_ref,1,123,121,100.0
mimic-cxr-findings-baseline,gt_reports_as_ref,1,123,122,85.71428571428571
mimic-cxr-findings-baseline,gt_reports_as_ref,1,123,123,100.0
mimic-cxr-findings-baseline,gt_reports_as_ref,1,123,124,100.0
mimic-cxr-findings-baseline,gt_reports_as_ref,1,123,125,75.0
mimic-cxr-findings-baseline,gt_reports_as_ref,1,123,126,100.0
mimic-cxr-findings-baseline,gt_reports_as_ref,1,123,127,100.0
mimic-cxr-findings-baseline,gt_reports_as_ref,1,123,128,57.14285714285714
mimic-cxr-findings-baseline,gt_reports_as_ref,1,123,129,53.333333333333336
mimic-cxr-findings-baseline,gt_reports_as_ref,1,123,130,87.5
mimic-cxr-findings-baseline,gt_reports_as_ref,1,123,131,70.0
mimic-cxr-findings-baseline,gt_reports_as_ref,1,123,132,75.0
mimic-cxr-findings-baseline,gt_reports_as_ref,1,123,133,66.66666666666666
mimic-cxr-findings-baseline,gt_reports_as_ref,1,123,134,80.0
mimic-cxr-findings-baseline,gt_reports_as_ref,1,123,135,44.44444444444444
mimic-cxr-findings-baseline,gt_reports_as_ref,1,123,136,33.33333333333333
mimic-cxr-findings-baseline,gt_reports_as_ref,1,123,137,87.5
mimic-cxr-findings-baseline,gt_reports_as_ref,1,123,138,62.5
mimic-cxr-findings-baseline,gt_reports_as_ref,1,123,139,50.0
mimic-cxr-findings-baseline,gt_reports_as_ref,1,123,140,83.33333333333334
mimic-cxr-findings-baseline,gt_reports_as_ref,1,123,141,58.333333333333336
mimic-cxr-findings-baseline,gt_reports_as_ref,1,123,142,57.14285714285714
mimic-cxr-findings-baseline,gt_reports_as_ref,1,123,143,91.66666666666666
mimic-cxr-findings-baseline,gt_reports_as_ref,1,123,144,100.0
mimic-cxr-findings-baseline,gt_reports_as_ref,1,123,145,100.0
mimic-cxr-findings-baseline,gt_reports_as_ref,1,123,146,92.85714285714286
mimic-cxr-findings-baseline,gt_reports_as_ref,1,123,147,63.63636363636363
mimic-cxr-findings-baseline,gt_reports_as_ref,1,123,148,100.0
mimic-cxr-findings-baseline,gt_reports_as_ref,1,123,149,100.0
mimic-cxr-findings-baseline,gt_reports_as_ref,1,123,150,85.71428571428571
mimic-cxr-findings-baseline,gt_reports_as_ref,1,123,151,80.0
mimic-cxr-findings-baseline,gt_reports_as_ref,1,123,152,100.0
mimic-cxr-findings-baseline,gt_reports_as_ref,1,123,153,56.25
mimic-cxr-findings-baseline,gt_reports_as_ref,1,123,154,80.0
mimic-cxr-findings-baseline,gt_reports_as_ref,1,123,155,100.0
mimic-cxr-findings-baseline,gt_reports_as_ref,1,123,156,44.44444444444444
mimic-cxr-findings-baseline,gt_reports_as_ref,1,123,157,75.0
mimic-cxr-findings-baseline,gt_reports_as_ref,1,123,158,44.44444444444444
mimic-cxr-findings-baseline,gt_reports_as_ref,1,123,159,42.85714285714285
mimic-cxr-findings-baseline,gt_reports_as_ref,1,123,160,81.81818181818183
mimic-cxr-findings-baseline,gt_reports_as_ref,1,123,161,83.33333333333334
mimic-cxr-findings-baseline,gt_reports_as_ref,1,123,162,50.0
mimic-cxr-findings-baseline,gt_reports_as_ref,1,123,163,83.33333333333334
mimic-cxr-findings-baseline,gt_reports_as_ref,1,123,164,72.72727272727273
mimic-cxr-findings-baseline,gt_reports_as_ref,1,123,165,60.0
mimic-cxr-findings-baseline,gt_reports_as_ref,1,123,166,84.61538461538461
mimic-cxr-findings-baseline,gt_reports_as_ref,1,123,167,100.0
mimic-cxr-findings-baseline,gt_reports_as_ref,1,123,168,100.0
mimic-cxr-findings-baseline,gt_reports_as_ref,1,123,169,87.5
mimic-cxr-findings-baseline,gt_reports_as_ref,1,123,170,62.5
mimic-cxr-findings-baseline,gt_reports_as_ref,1,123,171,15.384615384615383
mimic-cxr-findings-baseline,gt_reports_as_ref,1,123,172,30.76923076923077
mimic-cxr-findings-baseline,gt_reports_as_ref,1,123,173,60.0
mimic-cxr-findings-baseline,gt_reports_as_ref,1,123,174,100.0
mimic-cxr-findings-baseline,gt_reports_as_ref,1,123,175,60.0
mimic-cxr-findings-baseline,gt_reports_as_ref,1,123,176,100.0
mimic-cxr-findings-baseline,gt_reports_as_ref,1,123,177,50.0
mimic-cxr-findings-baseline,gt_reports_as_ref,1,123,178,42.10526315789473
mimic-cxr-findings-baseline,gt_reports_as_ref,1,123,179,66.66666666666666
mimic-cxr-findings-baseline,gt_reports_as_ref,1,123,180,20.0
mimic-cxr-findings-baseline,gt_reports_as_ref,1,123,181,50.0
mimic-cxr-findings-baseline,gt_reports_as_ref,1,123,182,6.25
mimic-cxr-findings-baseline,gt_reports_as_ref,1,123,183,78.57142857142857
mimic-cxr-findings-baseline,gt_reports_as_ref,1,123,184,64.70588235294117
mimic-cxr-findings-baseline,gt_reports_as_ref,1,123,185,84.61538461538461
mimic-cxr-findings-baseline,gt_reports_as_ref,1,123,186,63.63636363636363
mimic-cxr-findings-baseline,gt_reports_as_ref,1,123,187,37.5
mimic-cxr-findings-baseline,gt_reports_as_ref,1,123,188,66.66666666666666
mimic-cxr-findings-baseline,gt_reports_as_ref,1,123,189,36.36363636363637
mimic-cxr-findings-baseline,gt_reports_as_ref,1,123,190,100.0
mimic-cxr-findings-baseline,gt_reports_as_ref,1,123,191,100.0
mimic-cxr-findings-baseline,gt_reports_as_ref,1,123,192,50.0
mimic-cxr-findings-baseline,gt_reports_as_ref,1,123,193,87.5
mimic-cxr-findings-baseline,gt_reports_as_ref,1,123,194,100.0
mimic-cxr-findings-baseline,gt_reports_as_ref,1,123,195,36.36363636363637
mimic-cxr-findings-baseline,gt_reports_as_ref,1,123,196,84.61538461538461
mimic-cxr-findings-baseline,gt_reports_as_ref,1,123,197,100.0
mimic-cxr-findings-baseline,gt_reports_as_ref,1,123,198,100.0
mimic-cxr-findings-baseline,gt_reports_as_ref,1,123,199,7.142857142857142
mimic-cxr-findings-baseline,gt_reports_as_ref,1,123,200,83.33333333333334
mimic-cxr-findings-baseline,gt_reports_as_ref,1,123,201,35.0
mimic-cxr-findings-baseline,gt_reports_as_ref,1,123,202,100.0
mimic-cxr-findings-baseline,gt_reports_as_ref,1,123,203,44.44444444444444
mimic-cxr-findings-baseline,gt_reports_as_ref,1,123,204,75.0
mimic-cxr-findings-baseline,gt_reports_as_ref,1,123,205,75.0
mimic-cxr-findings-baseline,gt_reports_as_ref,1,123,206,6.666666666666667
mimic-cxr-findings-baseline,gt_reports_as_ref,1,123,207,100.0
mimic-cxr-findings-baseline,gt_reports_as_ref,1,123,208,42.85714285714285
mimic-cxr-findings-baseline,gt_reports_as_ref,1,123,209,50.0
mimic-cxr-findings-baseline,gt_reports_as_ref,1,123,210,100.0
mimic-cxr-findings-baseline,gt_reports_as_ref,1,123,211,80.0
mimic-cxr-findings-baseline,gt_reports_as_ref,1,123,212,28.57142857142857
mimic-cxr-findings-baseline,gt_reports_as_ref,1,123,213,40.0
mimic-cxr-findings-baseline,gt_reports_as_ref,1,123,214,53.84615384615385
mimic-cxr-findings-baseline,gt_reports_as_ref,1,123,215,43.75
mimic-cxr-findings-baseline,gt_reports_as_ref,1,123,216,100.0
mimic-cxr-findings-baseline,gt_reports_as_ref,1,123,217,85.71428571428571
mimic-cxr-findings-baseline,gt_reports_as_ref,1,123,218,38.46153846153847
mimic-cxr-findings-baseline,gt_reports_as_ref,1,123,219,100.0
mimic-cxr-findings-baseline,gt_reports_as_ref,1,123,220,100.0
mimic-cxr-findings-baseline,gt_reports_as_ref,1,123,221,42.85714285714285
mimic-cxr-findings-baseline,gt_reports_as_ref,1,123,222,80.0
mimic-cxr-findings-baseline,gt_reports_as_ref,1,123,223,86.66666666666667
mimic-cxr-findings-baseline,gt_reports_as_ref,1,123,224,42.85714285714285
mimic-cxr-findings-baseline,gt_reports_as_ref,1,123,225,85.71428571428571
mimic-cxr-findings-baseline,gt_reports_as_ref,1,123,226,33.33333333333333
mimic-cxr-findings-baseline,gt_reports_as_ref,1,123,227,25.0
mimic-cxr-findings-baseline,gt_reports_as_ref,1,123,228,70.0
mimic-cxr-findings-baseline,gt_reports_as_ref,1,123,229,40.0
mimic-cxr-findings-baseline,gt_reports_as_ref,1,123,230,87.5
mimic-cxr-findings-baseline,gt_reports_as_ref,1,123,231,50.0
mimic-cxr-findings-baseline,gt_reports_as_ref,1,123,232,57.14285714285714
mimic-cxr-findings-baseline,gt_reports_as_ref,1,123,233,28.57142857142857
mimic-cxr-findings-baseline,gt_reports_as_ref,1,123,234,40.0
mimic-cxr-findings-baseline,gt_reports_as_ref,1,123,235,53.333333333333336
mimic-cxr-findings-baseline,gt_reports_as_ref,1,123,236,30.76923076923077
mimic-cxr-findings-baseline,gt_reports_as_ref,1,123,237,76.92307692307693
mimic-cxr-findings-baseline,gt_reports_as_ref,1,123,238,100.0
mimic-cxr-findings-baseline,gt_reports_as_ref,1,123,239,33.33333333333333
mimic-cxr-findings-baseline,gt_reports_as_ref,1,123,240,77.77777777777779
mimic-cxr-findings-baseline,gt_reports_as_ref,1,123,241,35.714285714285715
mimic-cxr-findings-baseline,gt_reports_as_ref,1,123,242,33.33333333333333
mimic-cxr-findings-baseline,gt_reports_as_ref,1,123,243,66.66666666666666
mimic-cxr-findings-baseline,gt_reports_as_ref,1,123,244,39.285714285714285
mimic-cxr-findings-baseline,gt_reports_as_ref,1,123,245,85.71428571428571
mimic-cxr-findings-baseline,gt_reports_as_ref,1,123,246,45.0
mimic-cxr-findings-baseline,gt_reports_as_ref,1,123,247,92.85714285714286
mimic-cxr-findings-baseline,gt_reports_as_ref,1,123,248,76.47058823529412
mimic-cxr-findings-baseline,gt_reports_as_ref,1,123,249,100.0
mimic-cxr-findings-baseline,gt_reports_as_ref,1,123,250,63.63636363636363
mimic-cxr-findings-baseline,gt_reports_as_ref,1,123,251,95.23809523809524
mimic-cxr-findings-baseline,gt_reports_as_ref,1,123,252,75.0
mimic-cxr-findings-baseline,gt_reports_as_ref,1,123,253,40.0
mimic-cxr-findings-baseline,gt_reports_as_ref,1,123,254,20.0
mimic-cxr-findings-baseline,gt_reports_as_ref,1,123,255,50.0
mimic-cxr-findings-baseline,gt_reports_as_ref,1,123,256,54.54545454545454
mimic-cxr-findings-baseline,gt_reports_as_ref,1,123,257,93.33333333333331
mimic-cxr-findings-baseline,gt_reports_as_ref,1,123,258,73.68421052631578
mimic-cxr-findings-baseline,gt_reports_as_ref,1,123,259,87.5
mimic-cxr-findings-baseline,gt_reports_as_ref,1,123,260,33.33333333333333
mimic-cxr-findings-baseline,gt_reports_as_ref,1,123,261,72.72727272727273
mimic-cxr-findings-baseline,gt_reports_as_ref,1,123,262,58.333333333333336
mimic-cxr-findings-baseline,gt_reports_as_ref,1,123,263,93.33333333333331
mimic-cxr-findings-baseline,gt_reports_as_ref,1,123,264,53.333333333333336
mimic-cxr-findings-baseline,gt_reports_as_ref,1,123,265,40.0
mimic-cxr-findings-baseline,gt_reports_as_ref,1,123,266,100.0
mimic-cxr-findings-baseline,gt_reports_as_ref,1,123,267,60.0
mimic-cxr-findings-baseline,gt_reports_as_ref,1,123,268,100.0
mimic-cxr-findings-baseline,gt_reports_as_ref,1,123,269,77.77777777777779
mimic-cxr-findings-baseline,gt_reports_as_ref,1,123,270,60.0
mimic-cxr-findings-baseline,gt_reports_as_ref,1,123,271,56.25
mimic-cxr-findings-baseline,gt_reports_as_ref,1,123,272,91.66666666666666
mimic-cxr-findings-baseline,gt_reports_as_ref,1,123,273,66.66666666666666
mimic-cxr-findings-baseline,gt_reports_as_ref,1,123,274,16.666666666666664
mimic-cxr-findings-baseline,gt_reports_as_ref,1,123,275,78.57142857142857
mimic-cxr-findings-baseline,gt_reports_as_ref,1,123,276,92.3076923076923
mimic-cxr-findings-baseline,gt_reports_as_ref,1,123,277,11.76470588235294
mimic-cxr-findings-baseline,gt_reports_as_ref,1,123,278,80.0
mimic-cxr-findings-baseline,gt_reports_as_ref,1,123,279,88.88888888888889
mimic-cxr-findings-baseline,gt_reports_as_ref,1,123,280,46.15384615384615
mimic-cxr-findings-baseline,gt_reports_as_ref,1,123,281,58.333333333333336
mimic-cxr-findings-baseline,gt_reports_as_ref,1,123,282,71.42857142857143
mimic-cxr-findings-baseline,gt_reports_as_ref,1,123,283,72.72727272727273
mimic-cxr-findings-baseline,gt_reports_as_ref,1,123,284,76.47058823529412
mimic-cxr-findings-baseline,gt_reports_as_ref,1,123,285,50.0
mimic-cxr-findings-baseline,gt_reports_as_ref,1,123,286,100.0
mimic-cxr-findings-baseline,gt_reports_as_ref,1,123,287,50.0
mimic-cxr-findings-baseline,gt_reports_as_ref,1,123,288,42.85714285714285
mimic-cxr-findings-baseline,gt_reports_as_ref,1,123,289,75.0
mimic-cxr-findings-baseline,gt_reports_as_ref,1,123,290,50.0
mimic-cxr-findings-baseline,gt_reports_as_ref,1,123,291,64.28571428571429
mimic-cxr-findings-baseline,gt_reports_as_ref,1,123,292,81.81818181818183
mimic-cxr-findings-baseline,gt_reports_as_ref,1,123,293,100.0
mimic-cxr-findings-baseline,gt_reports_as_ref,1,123,294,44.44444444444444
mimic-cxr-findings-baseline,gt_reports_as_ref,1,123,295,100.0
mimic-cxr-findings-baseline,gt_reports_as_ref,1,123,296,31.25
mimic-cxr-findings-baseline,gt_reports_as_ref,1,123,297,50.0
mimic-cxr-findings-baseline,gt_reports_as_ref,1,123,298,71.42857142857143
mimic-cxr-findings-baseline,gt_reports_as_ref,1,123,299,50.0
mimic-cxr-findings-baseline,gt_reports_as_ref,1,123,300,36.36363636363637
mimic-cxr-findings-baseline,gt_reports_as_ref,1,123,301,87.5
mimic-cxr-findings-baseline,gt_reports_as_ref,1,123,302,30.0
mimic-cxr-findings-baseline,gt_reports_as_ref,1,123,303,38.46153846153847
mimic-cxr-findings-baseline,gt_reports_as_ref,1,123,304,61.53846153846154
mimic-cxr-findings-baseline,gt_reports_as_ref,1,123,305,72.72727272727273
mimic-cxr-findings-baseline,gt_reports_as_ref,1,123,306,80.0
mimic-cxr-findings-baseline,gt_reports_as_ref,1,123,307,46.15384615384615
mimic-cxr-findings-baseline,gt_reports_as_ref,1,123,308,42.85714285714285
mimic-cxr-findings-baseline,gt_reports_as_ref,1,123,309,53.84615384615385
mimic-cxr-findings-baseline,gt_reports_as_ref,1,123,310,60.0
mimic-cxr-findings-baseline,gt_reports_as_ref,1,123,311,45.45454545454545
mimic-cxr-findings-baseline,gt_reports_as_ref,1,123,312,81.81818181818183
mimic-cxr-findings-baseline,gt_reports_as_ref,1,123,313,71.42857142857143
mimic-cxr-findings-baseline,gt_reports_as_ref,1,123,314,70.0
mimic-cxr-findings-baseline,gt_reports_as_ref,1,123,315,63.63636363636363
mimic-cxr-findings-baseline,gt_reports_as_ref,1,123,316,58.82352941176471
mimic-cxr-findings-baseline,gt_reports_as_ref,1,123,317,58.333333333333336
mimic-cxr-findings-baseline,gt_reports_as_ref,1,123,318,90.0
mimic-cxr-findings-baseline,gt_reports_as_ref,1,123,319,25.0
mimic-cxr-findings-baseline,gt_reports_as_ref,1,123,320,72.72727272727273
mimic-cxr-findings-baseline,gt_reports_as_ref,1,123,321,75.0
mimic-cxr-findings-baseline,gt_reports_as_ref,1,123,322,31.57894736842105
mimic-cxr-findings-baseline,gt_reports_as_ref,1,123,323,58.333333333333336
mimic-cxr-findings-baseline,gt_reports_as_ref,1,123,324,55.00000000000001
mimic-cxr-findings-baseline,gt_reports_as_ref,1,123,325,57.14285714285714
mimic-cxr-findings-baseline,gt_reports_as_ref,1,123,326,88.88888888888889
mimic-cxr-findings-baseline,gt_reports_as_ref,1,123,327,90.0
mimic-cxr-findings-baseline,gt_reports_as_ref,1,123,328,62.5
mimic-cxr-findings-baseline,gt_reports_as_ref,1,123,329,94.73684210526316
mimic-cxr-findings-baseline,gt_reports_as_ref,1,123,330,38.88888888888889
mimic-cxr-findings-baseline,gt_reports_as_ref,1,123,331,92.85714285714286
mimic-cxr-findings-baseline,gt_reports_as_ref,1,123,332,89.47368421052632
mimic-cxr-findings-baseline,gt_reports_as_ref,1,123,333,100.0
mimic-cxr-findings-baseline,gt_reports_as_ref,1,123,334,87.5
mimic-cxr-findings-baseline,gt_reports_as_ref,1,123,335,100.0
mimic-cxr-findings-baseline,gt_reports_as_ref,1,123,336,23.07692307692308
mimic-cxr-findings-baseline,gt_reports_as_ref,1,123,337,100.0
mimic-cxr-findings-baseline,gt_reports_as_ref,1,123,338,46.15384615384615
mimic-cxr-findings-baseline,gt_reports_as_ref,1,123,339,94.11764705882352
mimic-cxr-findings-baseline,gt_reports_as_ref,1,123,340,35.714285714285715
mimic-cxr-findings-baseline,gt_reports_as_ref,1,123,341,33.33333333333333
mimic-cxr-findings-baseline,gt_reports_as_ref,1,123,342,100.0
mimic-cxr-findings-baseline,gt_reports_as_ref,1,123,343,46.15384615384615
mimic-cxr-findings-baseline,gt_reports_as_ref,1,123,344,29.411764705882355
mimic-cxr-findings-baseline,gt_reports_as_ref,1,123,345,50.0
mimic-cxr-findings-baseline,gt_reports_as_ref,1,123,346,100.0
mimic-cxr-findings-baseline,gt_reports_as_ref,1,123,347,45.83333333333333
mimic-cxr-findings-baseline,gt_reports_as_ref,1,123,348,100.0
mimic-cxr-findings-baseline,gt_reports_as_ref,1,123,349,42.85714285714285
mimic-cxr-findings-baseline,gt_reports_as_ref,1,123,350,46.15384615384615
mimic-cxr-findings-baseline,gt_reports_as_ref,1,123,351,21.428571428571427
mimic-cxr-findings-baseline,gt_reports_as_ref,1,123,352,50.0
mimic-cxr-findings-baseline,gt_reports_as_ref,1,123,353,44.44444444444444
mimic-cxr-findings-baseline,gt_reports_as_ref,1,123,354,66.66666666666666
mimic-cxr-findings-baseline,gt_reports_as_ref,1,123,355,70.0
mimic-cxr-findings-baseline,gt_reports_as_ref,1,123,356,50.0
mimic-cxr-findings-baseline,gt_reports_as_ref,1,123,357,25.0
mimic-cxr-findings-baseline,gt_reports_as_ref,1,123,358,60.0
mimic-cxr-findings-baseline,gt_reports_as_ref,1,123,359,80.0
mimic-cxr-findings-baseline,gt_reports_as_ref,1,123,360,44.44444444444444
mimic-cxr-findings-baseline,gt_reports_as_ref,1,123,361,85.71428571428571
mimic-cxr-findings-baseline,gt_reports_as_ref,1,123,362,63.63636363636363
mimic-cxr-findings-baseline,gt_reports_as_ref,1,123,363,100.0
mimic-cxr-findings-baseline,gt_reports_as_ref,1,123,364,42.85714285714285
mimic-cxr-findings-baseline,gt_reports_as_ref,1,123,365,70.83333333333334
mimic-cxr-findings-baseline,gt_reports_as_ref,1,123,366,57.14285714285714
mimic-cxr-findings-baseline,gt_reports_as_ref,1,123,367,75.0
mimic-cxr-findings-baseline,gt_reports_as_ref,1,123,368,63.63636363636363
mimic-cxr-findings-baseline,gt_reports_as_ref,1,123,369,30.0
mimic-cxr-findings-baseline,gt_reports_as_ref,1,123,370,35.714285714285715
mimic-cxr-findings-baseline,gt_reports_as_ref,1,123,371,100.0
mimic-cxr-findings-baseline,gt_reports_as_ref,1,123,372,81.81818181818183
mimic-cxr-findings-baseline,gt_reports_as_ref,1,123,373,62.5
mimic-cxr-findings-baseline,gt_reports_as_ref,1,123,374,66.66666666666666
mimic-cxr-findings-baseline,gt_reports_as_ref,1,123,375,100.0
mimic-cxr-findings-baseline,gt_reports_as_ref,1,123,376,75.0
mimic-cxr-findings-baseline,gt_reports_as_ref,1,123,377,80.0
mimic-cxr-findings-baseline,gt_reports_as_ref,1,123,378,81.81818181818183
mimic-cxr-findings-baseline,gt_reports_as_ref,1,123,379,83.33333333333334
mimic-cxr-findings-baseline,gt_reports_as_ref,1,123,380,93.33333333333331
mimic-cxr-findings-baseline,gt_reports_as_ref,1,123,381,100.0
mimic-cxr-findings-baseline,gt_reports_as_ref,1,123,382,54.54545454545454
mimic-cxr-findings-baseline,gt_reports_as_ref,1,123,383,90.9090909090909
mimic-cxr-findings-baseline,gt_reports_as_ref,1,123,384,87.5
mimic-cxr-findings-baseline,gt_reports_as_ref,1,123,385,61.11111111111112
mimic-cxr-findings-baseline,gt_reports_as_ref,1,123,386,20.0
mimic-cxr-findings-baseline,gt_reports_as_ref,1,123,387,78.94736842105263
mimic-cxr-findings-baseline,gt_reports_as_ref,1,123,388,100.0
mimic-cxr-findings-baseline,gt_reports_as_ref,1,123,389,53.84615384615385
mimic-cxr-findings-baseline,gt_reports_as_ref,1,123,390,66.66666666666666
mimic-cxr-findings-baseline,gt_reports_as_ref,1,123,391,75.0
mimic-cxr-findings-baseline,gt_reports_as_ref,1,123,392,75.0
mimic-cxr-findings-baseline,gt_reports_as_ref,1,123,393,84.61538461538461
mimic-cxr-findings-baseline,gt_reports_as_ref,1,123,394,44.44444444444444
mimic-cxr-findings-baseline,gt_reports_as_ref,1,123,395,64.70588235294117
mimic-cxr-findings-baseline,gt_reports_as_ref,1,123,396,88.88888888888889
mimic-cxr-findings-baseline,gt_reports_as_ref,1,123,397,33.33333333333333
mimic-cxr-findings-baseline,gt_reports_as_ref,1,123,398,100.0
mimic-cxr-findings-baseline,gt_reports_as_ref,1,123,399,25.0
mimic-cxr-findings-baseline,gt_reports_as_ref,1,123,400,90.47619047619048
mimic-cxr-findings-baseline,gt_reports_as_ref,1,123,401,83.33333333333334
mimic-cxr-findings-baseline,gt_reports_as_ref,1,123,402,52.94117647058824
mimic-cxr-findings-baseline,gt_reports_as_ref,1,123,403,66.66666666666666
mimic-cxr-findings-baseline,gt_reports_as_ref,1,123,404,88.23529411764706
mimic-cxr-findings-baseline,gt_reports_as_ref,1,123,405,100.0
mimic-cxr-findings-baseline,gt_reports_as_ref,1,123,406,55.55555555555556
mimic-cxr-findings-baseline,gt_reports_as_ref,1,123,407,60.0
mimic-cxr-findings-baseline,gt_reports_as_ref,1,123,408,76.92307692307693
mimic-cxr-findings-baseline,gt_reports_as_ref,1,123,409,34.61538461538461
mimic-cxr-findings-baseline,gt_reports_as_ref,1,123,410,94.11764705882352
mimic-cxr-findings-baseline,gt_reports_as_ref,1,123,411,88.23529411764706
mimic-cxr-findings-baseline,gt_reports_as_ref,1,123,412,58.333333333333336
mimic-cxr-findings-baseline,gt_reports_as_ref,1,123,413,75.0
mimic-cxr-findings-baseline,gt_reports_as_ref,1,123,414,100.0
mimic-cxr-findings-baseline,gt_reports_as_ref,1,123,415,100.0
mimic-cxr-findings-baseline,gt_reports_as_ref,1,123,416,47.368421052631575
mimic-cxr-findings-baseline,gt_reports_as_ref,1,123,417,87.5
mimic-cxr-findings-baseline,gt_reports_as_ref,1,123,418,20.0
mimic-cxr-findings-baseline,gt_reports_as_ref,1,123,419,66.66666666666666
mimic-cxr-findings-baseline,gt_reports_as_ref,1,123,420,36.36363636363637
mimic-cxr-findings-baseline,gt_reports_as_ref,1,123,421,25.0
mimic-cxr-findings-baseline,gt_reports_as_ref,1,123,422,66.66666666666666
mimic-cxr-findings-baseline,gt_reports_as_ref,1,123,423,100.0
mimic-cxr-findings-baseline,gt_reports_as_ref,1,123,424,90.0
mimic-cxr-findings-baseline,gt_reports_as_ref,1,123,425,62.5
mimic-cxr-findings-baseline,gt_reports_as_ref,1,123,426,100.0
mimic-cxr-findings-baseline,gt_reports_as_ref,1,123,427,72.22222222222221
mimic-cxr-findings-baseline,gt_reports_as_ref,1,123,428,22.22222222222222
mimic-cxr-findings-baseline,gt_reports_as_ref,1,123,429,81.81818181818183
mimic-cxr-findings-baseline,gt_reports_as_ref,1,123,430,25.0
mimic-cxr-findings-baseline,gt_reports_as_ref,1,123,431,76.47058823529412
mimic-cxr-findings-baseline,gt_reports_as_ref,1,123,432,52.94117647058824
mimic-cxr-findings-baseline,gt_reports_as_ref,1,123,433,100.0
mimic-cxr-findings-baseline,gt_reports_as_ref,1,123,434,70.0
mimic-cxr-findings-baseline,gt_reports_as_ref,1,123,435,36.36363636363637
mimic-cxr-findings-baseline,gt_reports_as_ref,1,123,436,36.36363636363637
mimic-cxr-findings-baseline,gt_reports_as_ref,1,123,437,100.0
mimic-cxr-findings-baseline,gt_reports_as_ref,1,123,438,75.0
mimic-cxr-findings-baseline,gt_reports_as_ref,1,123,439,100.0
mimic-cxr-findings-baseline,gt_reports_as_ref,1,123,440,63.63636363636363
mimic-cxr-findings-baseline,gt_reports_as_ref,1,123,441,100.0
mimic-cxr-findings-baseline,gt_reports_as_ref,1,123,442,30.0
mimic-cxr-findings-baseline,gt_reports_as_ref,1,123,443,58.82352941176471
mimic-cxr-findings-baseline,gt_reports_as_ref,1,123,444,66.66666666666666
mimic-cxr-findings-baseline,gt_reports_as_ref,1,123,445,100.0
mimic-cxr-findings-baseline,gt_reports_as_ref,1,123,446,100.0
mimic-cxr-findings-baseline,gt_reports_as_ref,1,123,447,27.77777777777778
mimic-cxr-findings-baseline,gt_reports_as_ref,1,123,448,50.0
mimic-cxr-findings-baseline,gt_reports_as_ref,1,123,449,76.92307692307693
mimic-cxr-findings-baseline,gt_reports_as_ref,1,123,450,80.0
mimic-cxr-findings-baseline,gt_reports_as_ref,1,123,451,37.5
mimic-cxr-findings-baseline,gt_reports_as_ref,1,123,452,63.63636363636363
mimic-cxr-findings-baseline,gt_reports_as_ref,1,123,453,33.33333333333333
mimic-cxr-findings-baseline,gt_reports_as_ref,1,123,454,100.0
mimic-cxr-findings-baseline,gt_reports_as_ref,1,123,455,81.81818181818183
mimic-cxr-findings-baseline,gt_reports_as_ref,1,123,456,64.28571428571429
mimic-cxr-findings-baseline,gt_reports_as_ref,1,123,457,60.0
mimic-cxr-findings-baseline,gt_reports_as_ref,1,123,458,33.33333333333333
mimic-cxr-findings-baseline,gt_reports_as_ref,1,123,459,100.0
mimic-cxr-findings-baseline,gt_reports_as_ref,1,123,460,81.81818181818183
mimic-cxr-findings-baseline,gt_reports_as_ref,1,123,461,66.66666666666666
mimic-cxr-findings-baseline,gt_reports_as_ref,1,123,462,63.63636363636363
mimic-cxr-findings-baseline,gt_reports_as_ref,1,123,463,38.46153846153847
mimic-cxr-findings-baseline,gt_reports_as_ref,1,123,464,85.71428571428571
mimic-cxr-findings-baseline,gt_reports_as_ref,1,123,465,46.15384615384615
mimic-cxr-findings-baseline,gt_reports_as_ref,1,123,466,88.88888888888889
mimic-cxr-findings-baseline,gt_reports_as_ref,1,123,467,26.08695652173913
mimic-cxr-findings-baseline,gt_reports_as_ref,1,123,468,63.63636363636363
mimic-cxr-findings-baseline,gt_reports_as_ref,1,123,469,83.33333333333334
mimic-cxr-findings-baseline,gt_reports_as_ref,1,123,470,72.72727272727273
mimic-cxr-findings-baseline,gt_reports_as_ref,1,123,471,53.84615384615385
mimic-cxr-findings-baseline,gt_reports_as_ref,1,123,472,37.5
mimic-cxr-findings-baseline,gt_reports_as_ref,1,123,473,50.0
mimic-cxr-findings-baseline,gt_reports_as_ref,1,123,474,54.54545454545454
mimic-cxr-findings-baseline,gt_reports_as_ref,1,123,475,66.66666666666666
mimic-cxr-findings-baseline,gt_reports_as_ref,1,123,476,68.42105263157895
mimic-cxr-findings-baseline,gt_reports_as_ref,1,123,477,66.66666666666666
mimic-cxr-findings-baseline,gt_reports_as_ref,1,123,478,30.0
mimic-cxr-findings-baseline,gt_reports_as_ref,1,123,479,66.66666666666666
mimic-cxr-findings-baseline,gt_reports_as_ref,1,123,480,78.57142857142857
mimic-cxr-findings-baseline,gt_reports_as_ref,1,123,481,50.0
mimic-cxr-findings-baseline,gt_reports_as_ref,1,123,482,100.0
mimic-cxr-findings-baseline,gt_reports_as_ref,1,123,483,100.0
mimic-cxr-findings-baseline,gt_reports_as_ref,1,123,484,55.55555555555556
mimic-cxr-findings-baseline,gt_reports_as_ref,1,123,485,100.0
mimic-cxr-findings-baseline,gt_reports_as_ref,1,123,486,63.63636363636363
mimic-cxr-findings-baseline,gt_reports_as_ref,1,123,487,80.0
mimic-cxr-findings-baseline,gt_reports_as_ref,1,123,488,90.0
mimic-cxr-findings-baseline,gt_reports_as_ref,1,123,489,69.23076923076923
mimic-cxr-findings-baseline,gt_reports_as_ref,1,123,490,12.5
mimic-cxr-findings-baseline,gt_reports_as_ref,1,123,491,100.0
mimic-cxr-findings-baseline,gt_reports_as_ref,1,123,492,42.10526315789473
mimic-cxr-findings-baseline,gt_reports_as_ref,1,123,493,100.0
mimic-cxr-findings-baseline,gt_reports_as_ref,1,123,494,93.75
mimic-cxr-findings-baseline,gt_reports_as_ref,1,123,495,33.33333333333333
mimic-cxr-findings-baseline,gt_reports_as_ref,1,123,496,42.85714285714285
mimic-cxr-findings-baseline,gt_reports_as_ref,1,123,497,57.14285714285714
mimic-cxr-findings-baseline,gt_reports_as_ref,1,123,498,50.0
mimic-cxr-findings-baseline,gt_reports_as_ref,1,123,499,50.0
mimic-cxr-findings-baseline,gt_reports_as_ref,1,123,500,60.0
mimic-cxr-findings-baseline,gt_reports_as_ref,1,123,501,65.0
mimic-cxr-findings-baseline,gt_reports_as_ref,1,123,502,29.411764705882355
mimic-cxr-findings-baseline,gt_reports_as_ref,1,123,503,100.0
mimic-cxr-findings-baseline,gt_reports_as_ref,1,123,504,50.0
mimic-cxr-findings-baseline,gt_reports_as_ref,1,123,505,27.77777777777778
mimic-cxr-findings-baseline,gt_reports_as_ref,1,123,506,100.0
mimic-cxr-findings-baseline,gt_reports_as_ref,1,123,507,45.45454545454545
mimic-cxr-findings-baseline,gt_reports_as_ref,1,123,508,50.0
mimic-cxr-findings-baseline,gt_reports_as_ref,1,123,509,50.0
mimic-cxr-findings-baseline,gt_reports_as_ref,1,123,510,38.46153846153847
mimic-cxr-findings-baseline,gt_reports_as_ref,1,123,511,100.0
mimic-cxr-findings-baseline,gt_reports_as_ref,1,123,512,54.54545454545454
mimic-cxr-findings-baseline,gt_reports_as_ref,1,123,513,36.36363636363637
mimic-cxr-findings-baseline,gt_reports_as_ref,1,123,514,76.92307692307693
mimic-cxr-findings-baseline,gt_reports_as_ref,1,123,515,45.45454545454545
mimic-cxr-findings-baseline,gt_reports_as_ref,1,123,516,45.0
mimic-cxr-findings-baseline,gt_reports_as_ref,1,123,517,90.9090909090909
mimic-cxr-findings-baseline,gt_reports_as_ref,1,123,518,40.0
mimic-cxr-findings-baseline,gt_reports_as_ref,1,123,519,100.0
mimic-cxr-findings-baseline,gt_reports_as_ref,1,123,520,77.77777777777779
mimic-cxr-findings-baseline,gt_reports_as_ref,1,123,521,92.3076923076923
mimic-cxr-findings-baseline,gt_reports_as_ref,1,123,522,72.72727272727273
mimic-cxr-findings-baseline,gt_reports_as_ref,1,123,523,30.0
mimic-cxr-findings-baseline,gt_reports_as_ref,1,123,524,50.0
mimic-cxr-findings-baseline,gt_reports_as_ref,1,123,525,76.47058823529412
mimic-cxr-findings-baseline,gt_reports_as_ref,1,123,526,77.77777777777779
mimic-cxr-findings-baseline,gt_reports_as_ref,1,123,527,76.47058823529412
mimic-cxr-findings-baseline,gt_reports_as_ref,1,123,528,47.61904761904761
mimic-cxr-findings-baseline,gt_reports_as_ref,1,123,529,83.33333333333334
mimic-cxr-findings-baseline,gt_reports_as_ref,1,123,530,83.33333333333334
mimic-cxr-findings-baseline,gt_reports_as_ref,1,123,531,87.5
mimic-cxr-findings-baseline,gt_reports_as_ref,1,123,532,57.14285714285714
mimic-cxr-findings-baseline,gt_reports_as_ref,1,123,533,84.61538461538461
mimic-cxr-findings-baseline,gt_reports_as_ref,1,123,534,57.14285714285714
mimic-cxr-findings-baseline,gt_reports_as_ref,1,123,535,33.33333333333333
mimic-cxr-findings-baseline,gt_reports_as_ref,1,123,536,84.21052631578947
mimic-cxr-findings-baseline,gt_reports_as_ref,1,123,537,27.27272727272727
mimic-cxr-findings-baseline,gt_reports_as_ref,1,123,538,20.0
mimic-cxr-findings-baseline,gt_reports_as_ref,1,123,539,40.0
mimic-cxr-findings-baseline,gt_reports_as_ref,1,123,540,81.81818181818183
mimic-cxr-findings-baseline,gt_reports_as_ref,1,123,541,30.0
mimic-cxr-findings-baseline,gt_reports_as_ref,1,123,542,75.0
mimic-cxr-findings-baseline,gt_reports_as_ref,1,123,543,41.17647058823529
mimic-cxr-findings-baseline,gt_reports_as_ref,1,123,544,92.3076923076923
mimic-cxr-findings-baseline,gt_reports_as_ref,1,123,545,43.75
mimic-cxr-findings-baseline,gt_reports_as_ref,1,123,546,40.0
mimic-cxr-findings-baseline,gt_reports_as_ref,1,123,547,71.42857142857143
mimic-cxr-findings-baseline,gt_reports_as_ref,1,123,548,28.57142857142857
mimic-cxr-findings-baseline,gt_reports_as_ref,1,123,549,70.58823529411765
mimic-cxr-findings-baseline,gt_reports_as_ref,1,123,550,46.15384615384615
mimic-cxr-findings-baseline,gt_reports_as_ref,1,123,551,50.0
mimic-cxr-findings-baseline,gt_reports_as_ref,1,123,552,28.57142857142857
mimic-cxr-findings-baseline,gt_reports_as_ref,1,123,553,75.0
mimic-cxr-findings-baseline,gt_reports_as_ref,1,123,554,64.28571428571429
mimic-cxr-findings-baseline,gt_reports_as_ref,1,123,555,90.0
mimic-cxr-findings-baseline,gt_reports_as_ref,1,123,556,73.68421052631578
mimic-cxr-findings-baseline,gt_reports_as_ref,1,123,557,60.0
mimic-cxr-findings-baseline,gt_reports_as_ref,1,123,558,76.92307692307693
mimic-cxr-findings-baseline,gt_reports_as_ref,1,123,559,87.5
mimic-cxr-findings-baseline,gt_reports_as_ref,1,123,560,100.0
mimic-cxr-findings-baseline,gt_reports_as_ref,1,123,561,45.45454545454545
mimic-cxr-findings-baseline,gt_reports_as_ref,1,123,562,30.76923076923077
mimic-cxr-findings-baseline,gt_reports_as_ref,1,123,563,31.57894736842105
mimic-cxr-findings-baseline,gt_reports_as_ref,1,123,564,47.61904761904761
mimic-cxr-findings-baseline,gt_reports_as_ref,1,123,565,62.5
mimic-cxr-findings-baseline,gt_reports_as_ref,1,123,566,53.333333333333336
mimic-cxr-findings-baseline,gt_reports_as_ref,1,123,567,100.0
mimic-cxr-findings-baseline,gt_reports_as_ref,1,123,568,57.89473684210527
mimic-cxr-findings-baseline,gt_reports_as_ref,1,123,569,60.0
mimic-cxr-findings-baseline,gt_reports_as_ref,1,123,570,45.45454545454545
mimic-cxr-findings-baseline,gt_reports_as_ref,1,123,571,58.333333333333336
mimic-cxr-findings-baseline,gt_reports_as_ref,1,123,572,94.11764705882352
mimic-cxr-findings-baseline,gt_reports_as_ref,1,123,573,100.0
mimic-cxr-findings-baseline,gt_reports_as_ref,1,123,574,70.0
mimic-cxr-findings-baseline,gt_reports_as_ref,1,123,575,75.0
mimic-cxr-findings-baseline,gt_reports_as_ref,1,123,576,46.15384615384615
mimic-cxr-findings-baseline,gt_reports_as_ref,1,123,577,75.0
mimic-cxr-findings-baseline,gt_reports_as_ref,1,123,578,27.77777777777778
mimic-cxr-findings-baseline,gt_reports_as_ref,1,123,579,57.14285714285714
mimic-cxr-findings-baseline,gt_reports_as_ref,1,123,580,52.94117647058824
mimic-cxr-findings-baseline,gt_reports_as_ref,1,123,581,71.42857142857143
mimic-cxr-findings-baseline,gt_reports_as_ref,1,123,582,31.57894736842105
mimic-cxr-findings-baseline,gt_reports_as_ref,1,123,583,45.45454545454545
mimic-cxr-findings-baseline,gt_reports_as_ref,1,123,584,100.0
mimic-cxr-findings-baseline,gt_reports_as_ref,1,123,585,62.5
mimic-cxr-findings-baseline,gt_reports_as_ref,1,123,586,54.54545454545454
mimic-cxr-findings-baseline,gt_reports_as_ref,1,123,587,53.333333333333336
mimic-cxr-findings-baseline,gt_reports_as_ref,1,123,588,100.0
mimic-cxr-findings-baseline,gt_reports_as_ref,1,123,589,21.428571428571427
mimic-cxr-findings-baseline,gen_reports_as_ref,1,123,0,75.0
mimic-cxr-findings-baseline,gen_reports_as_ref,1,123,1,100.0
mimic-cxr-findings-baseline,gen_reports_as_ref,1,123,2,100.0
mimic-cxr-findings-baseline,gen_reports_as_ref,1,123,3,100.0
mimic-cxr-findings-baseline,gen_reports_as_ref,1,123,4,61.53846153846154
mimic-cxr-findings-baseline,gen_reports_as_ref,1,123,5,100.0
mimic-cxr-findings-baseline,gen_reports_as_ref,1,123,6,77.77777777777779
mimic-cxr-findings-baseline,gen_reports_as_ref,1,123,7,83.33333333333334
mimic-cxr-findings-baseline,gen_reports_as_ref,1,123,8,100.0
mimic-cxr-findings-baseline,gen_reports_as_ref,1,123,9,80.0
mimic-cxr-findings-baseline,gen_reports_as_ref,1,123,10,80.0
mimic-cxr-findings-baseline,gen_reports_as_ref,1,123,11,100.0
mimic-cxr-findings-baseline,gen_reports_as_ref,1,123,12,66.66666666666666
mimic-cxr-findings-baseline,gen_reports_as_ref,1,123,13,100.0
mimic-cxr-findings-baseline,gen_reports_as_ref,1,123,14,50.0
mimic-cxr-findings-baseline,gen_reports_as_ref,1,123,15,90.9090909090909
mimic-cxr-findings-baseline,gen_reports_as_ref,1,123,16,87.5
mimic-cxr-findings-baseline,gen_reports_as_ref,1,123,17,85.71428571428571
mimic-cxr-findings-baseline,gen_reports_as_ref,1,123,18,45.45454545454545
mimic-cxr-findings-baseline,gen_reports_as_ref,1,123,19,66.66666666666666
mimic-cxr-findings-baseline,gen_reports_as_ref,1,123,20,100.0
mimic-cxr-findings-baseline,gen_reports_as_ref,1,123,21,100.0
mimic-cxr-findings-baseline,gen_reports_as_ref,1,123,22,100.0
mimic-cxr-findings-baseline,gen_reports_as_ref,1,123,23,100.0
mimic-cxr-findings-baseline,gen_reports_as_ref,1,123,24,100.0
mimic-cxr-findings-baseline,gen_reports_as_ref,1,123,25,100.0
mimic-cxr-findings-baseline,gen_reports_as_ref,1,123,26,100.0
mimic-cxr-findings-baseline,gen_reports_as_ref,1,123,27,42.85714285714285
mimic-cxr-findings-baseline,gen_reports_as_ref,1,123,28,100.0
mimic-cxr-findings-baseline,gen_reports_as_ref,1,123,29,70.0
mimic-cxr-findings-baseline,gen_reports_as_ref,1,123,30,88.88888888888889
mimic-cxr-findings-baseline,gen_reports_as_ref,1,123,31,42.85714285714285
mimic-cxr-findings-baseline,gen_reports_as_ref,1,123,32,80.0
mimic-cxr-findings-baseline,gen_reports_as_ref,1,123,33,88.88888888888889
mimic-cxr-findings-baseline,gen_reports_as_ref,1,123,34,88.23529411764706
mimic-cxr-findings-baseline,gen_reports_as_ref,1,123,35,33.33333333333333
mimic-cxr-findings-baseline,gen_reports_as_ref,1,123,36,100.0
mimic-cxr-findings-baseline,gen_reports_as_ref,1,123,37,83.33333333333334
mimic-cxr-findings-baseline,gen_reports_as_ref,1,123,38,80.0
mimic-cxr-findings-baseline,gen_reports_as_ref,1,123,39,100.0
mimic-cxr-findings-baseline,gen_reports_as_ref,1,123,40,100.0
mimic-cxr-findings-baseline,gen_reports_as_ref,1,123,41,100.0
mimic-cxr-findings-baseline,gen_reports_as_ref,1,123,42,100.0
mimic-cxr-findings-baseline,gen_reports_as_ref,1,123,43,100.0
mimic-cxr-findings-baseline,gen_reports_as_ref,1,123,44,100.0
mimic-cxr-findings-baseline,gen_reports_as_ref,1,123,45,80.0
mimic-cxr-findings-baseline,gen_reports_as_ref,1,123,46,100.0
mimic-cxr-findings-baseline,gen_reports_as_ref,1,123,47,100.0
mimic-cxr-findings-baseline,gen_reports_as_ref,1,123,48,100.0
mimic-cxr-findings-baseline,gen_reports_as_ref,1,123,49,75.0
mimic-cxr-findings-baseline,gen_reports_as_ref,1,123,50,46.15384615384615
mimic-cxr-findings-baseline,gen_reports_as_ref,1,123,51,66.66666666666666
mimic-cxr-findings-baseline,gen_reports_as_ref,1,123,52,71.42857142857143
mimic-cxr-findings-baseline,gen_reports_as_ref,1,123,53,83.33333333333334
mimic-cxr-findings-baseline,gen_reports_as_ref,1,123,54,100.0
mimic-cxr-findings-baseline,gen_reports_as_ref,1,123,55,100.0
mimic-cxr-findings-baseline,gen_reports_as_ref,1,123,56,100.0
mimic-cxr-findings-baseline,gen_reports_as_ref,1,123,57,87.5
mimic-cxr-findings-baseline,gen_reports_as_ref,1,123,58,100.0
mimic-cxr-findings-baseline,gen_reports_as_ref,1,123,59,33.33333333333333
mimic-cxr-findings-baseline,gen_reports_as_ref,1,123,60,47.368421052631575
mimic-cxr-findings-baseline,gen_reports_as_ref,1,123,61,75.0
mimic-cxr-findings-baseline,gen_reports_as_ref,1,123,62,100.0
mimic-cxr-findings-baseline,gen_reports_as_ref,1,123,63,100.0
mimic-cxr-findings-baseline,gen_reports_as_ref,1,123,64,83.33333333333334
mimic-cxr-findings-baseline,gen_reports_as_ref,1,123,65,100.0
mimic-cxr-findings-baseline,gen_reports_as_ref,1,123,66,66.66666666666666
mimic-cxr-findings-baseline,gen_reports_as_ref,1,123,67,100.0
mimic-cxr-findings-baseline,gen_reports_as_ref,1,123,68,80.0
mimic-cxr-findings-baseline,gen_reports_as_ref,1,123,69,100.0
mimic-cxr-findings-baseline,gen_reports_as_ref,1,123,70,100.0
mimic-cxr-findings-baseline,gen_reports_as_ref,1,123,71,100.0
mimic-cxr-findings-baseline,gen_reports_as_ref,1,123,72,100.0
mimic-cxr-findings-baseline,gen_reports_as_ref,1,123,73,63.63636363636363
mimic-cxr-findings-baseline,gen_reports_as_ref,1,123,74,54.54545454545454
mimic-cxr-findings-baseline,gen_reports_as_ref,1,123,75,88.88888888888889
mimic-cxr-findings-baseline,gen_reports_as_ref,1,123,76,100.0
mimic-cxr-findings-baseline,gen_reports_as_ref,1,123,77,42.85714285714285
mimic-cxr-findings-baseline,gen_reports_as_ref,1,123,78,100.0
mimic-cxr-findings-baseline,gen_reports_as_ref,1,123,79,63.63636363636363
mimic-cxr-findings-baseline,gen_reports_as_ref,1,123,80,100.0
mimic-cxr-findings-baseline,gen_reports_as_ref,1,123,81,100.0
mimic-cxr-findings-baseline,gen_reports_as_ref,1,123,82,50.0
mimic-cxr-findings-baseline,gen_reports_as_ref,1,123,83,83.33333333333334
mimic-cxr-findings-baseline,gen_reports_as_ref,1,123,84,37.5
mimic-cxr-findings-baseline,gen_reports_as_ref,1,123,85,100.0
mimic-cxr-findings-baseline,gen_reports_as_ref,1,123,86,57.14285714285714
mimic-cxr-findings-baseline,gen_reports_as_ref,1,123,87,66.66666666666666
mimic-cxr-findings-baseline,gen_reports_as_ref,1,123,88,87.5
mimic-cxr-findings-baseline,gen_reports_as_ref,1,123,89,66.66666666666666
mimic-cxr-findings-baseline,gen_reports_as_ref,1,123,90,100.0
mimic-cxr-findings-baseline,gen_reports_as_ref,1,123,91,100.0
mimic-cxr-findings-baseline,gen_reports_as_ref,1,123,92,62.5
mimic-cxr-findings-baseline,gen_reports_as_ref,1,123,93,62.5
mimic-cxr-findings-baseline,gen_reports_as_ref,1,123,94,100.0
mimic-cxr-findings-baseline,gen_reports_as_ref,1,123,95,75.0
mimic-cxr-findings-baseline,gen_reports_as_ref,1,123,96,100.0
mimic-cxr-findings-baseline,gen_reports_as_ref,1,123,97,83.33333333333334
mimic-cxr-findings-baseline,gen_reports_as_ref,1,123,98,57.14285714285714
mimic-cxr-findings-baseline,gen_reports_as_ref,1,123,99,93.33333333333331
mimic-cxr-findings-baseline,gen_reports_as_ref,1,123,100,100.0
mimic-cxr-findings-baseline,gen_reports_as_ref,1,123,101,66.66666666666666
mimic-cxr-findings-baseline,gen_reports_as_ref,1,123,102,66.66666666666666
mimic-cxr-findings-baseline,gen_reports_as_ref,1,123,103,50.0
mimic-cxr-findings-baseline,gen_reports_as_ref,1,123,104,100.0
mimic-cxr-findings-baseline,gen_reports_as_ref,1,123,105,54.54545454545454
mimic-cxr-findings-baseline,gen_reports_as_ref,1,123,106,11.11111111111111
mimic-cxr-findings-baseline,gen_reports_as_ref,1,123,107,100.0
mimic-cxr-findings-baseline,gen_reports_as_ref,1,123,108,0.0
mimic-cxr-findings-baseline,gen_reports_as_ref,1,123,109,71.42857142857143
mimic-cxr-findings-baseline,gen_reports_as_ref,1,123,110,100.0
mimic-cxr-findings-baseline,gen_reports_as_ref,1,123,111,100.0
mimic-cxr-findings-baseline,gen_reports_as_ref,1,123,112,57.14285714285714
mimic-cxr-findings-baseline,gen_reports_as_ref,1,123,113,100.0
mimic-cxr-findings-baseline,gen_reports_as_ref,1,123,114,100.0
mimic-cxr-findings-baseline,gen_reports_as_ref,1,123,115,54.54545454545454
mimic-cxr-findings-baseline,gen_reports_as_ref,1,123,116,100.0
mimic-cxr-findings-baseline,gen_reports_as_ref,1,123,117,100.0
mimic-cxr-findings-baseline,gen_reports_as_ref,1,123,118,93.33333333333331
mimic-cxr-findings-baseline,gen_reports_as_ref,1,123,119,100.0
mimic-cxr-findings-baseline,gen_reports_as_ref,1,123,120,66.66666666666666
mimic-cxr-findings-baseline,gen_reports_as_ref,1,123,121,100.0
mimic-cxr-findings-baseline,gen_reports_as_ref,1,123,122,100.0
mimic-cxr-findings-baseline,gen_reports_as_ref,1,123,123,100.0
mimic-cxr-findings-baseline,gen_reports_as_ref,1,123,124,100.0
mimic-cxr-findings-baseline,gen_reports_as_ref,1,123,125,100.0
mimic-cxr-findings-baseline,gen_reports_as_ref,1,123,126,100.0
mimic-cxr-findings-baseline,gen_reports_as_ref,1,123,127,100.0
mimic-cxr-findings-baseline,gen_reports_as_ref,1,123,128,100.0
mimic-cxr-findings-baseline,gen_reports_as_ref,1,123,129,83.33333333333334
mimic-cxr-findings-baseline,gen_reports_as_ref,1,123,130,50.0
mimic-cxr-findings-baseline,gen_reports_as_ref,1,123,131,50.0
mimic-cxr-findings-baseline,gen_reports_as_ref,1,123,132,75.0
mimic-cxr-findings-baseline,gen_reports_as_ref,1,123,133,50.0
mimic-cxr-findings-baseline,gen_reports_as_ref,1,123,134,60.0
mimic-cxr-findings-baseline,gen_reports_as_ref,1,123,135,100.0
mimic-cxr-findings-baseline,gen_reports_as_ref,1,123,136,66.66666666666666
mimic-cxr-findings-baseline,gen_reports_as_ref,1,123,137,42.85714285714285
mimic-cxr-findings-baseline,gen_reports_as_ref,1,123,138,100.0
mimic-cxr-findings-baseline,gen_reports_as_ref,1,123,139,100.0
mimic-cxr-findings-baseline,gen_reports_as_ref,1,123,140,81.81818181818183
mimic-cxr-findings-baseline,gen_reports_as_ref,1,123,141,100.0
mimic-cxr-findings-baseline,gen_reports_as_ref,1,123,142,68.75
mimic-cxr-findings-baseline,gen_reports_as_ref,1,123,143,80.0
mimic-cxr-findings-baseline,gen_reports_as_ref,1,123,144,100.0
mimic-cxr-findings-baseline,gen_reports_as_ref,1,123,145,80.0
mimic-cxr-findings-baseline,gen_reports_as_ref,1,123,146,55.55555555555556
mimic-cxr-findings-baseline,gen_reports_as_ref,1,123,147,63.63636363636363
mimic-cxr-findings-baseline,gen_reports_as_ref,1,123,148,60.0
mimic-cxr-findings-baseline,gen_reports_as_ref,1,123,149,100.0
mimic-cxr-findings-baseline,gen_reports_as_ref,1,123,150,100.0
mimic-cxr-findings-baseline,gen_reports_as_ref,1,123,151,57.14285714285714
mimic-cxr-findings-baseline,gen_reports_as_ref,1,123,152,80.0
mimic-cxr-findings-baseline,gen_reports_as_ref,1,123,153,100.0
mimic-cxr-findings-baseline,gen_reports_as_ref,1,123,154,75.0
mimic-cxr-findings-baseline,gen_reports_as_ref,1,123,155,100.0
mimic-cxr-findings-baseline,gen_reports_as_ref,1,123,156,100.0
mimic-cxr-findings-baseline,gen_reports_as_ref,1,123,157,54.54545454545454
mimic-cxr-findings-baseline,gen_reports_as_ref,1,123,158,92.3076923076923
mimic-cxr-findings-baseline,gen_reports_as_ref,1,123,159,100.0
mimic-cxr-findings-baseline,gen_reports_as_ref,1,123,160,90.9090909090909
mimic-cxr-findings-baseline,gen_reports_as_ref,1,123,161,100.0
mimic-cxr-findings-baseline,gen_reports_as_ref,1,123,162,85.71428571428571
mimic-cxr-findings-baseline,gen_reports_as_ref,1,123,163,44.44444444444444
mimic-cxr-findings-baseline,gen_reports_as_ref,1,123,164,100.0
mimic-cxr-findings-baseline,gen_reports_as_ref,1,123,165,78.57142857142857
mimic-cxr-findings-baseline,gen_reports_as_ref,1,123,166,87.5
mimic-cxr-findings-baseline,gen_reports_as_ref,1,123,167,83.33333333333334
mimic-cxr-findings-baseline,gen_reports_as_ref,1,123,168,64.28571428571429
mimic-cxr-findings-baseline,gen_reports_as_ref,1,123,169,71.42857142857143
mimic-cxr-findings-baseline,gen_reports_as_ref,1,123,170,100.0
mimic-cxr-findings-baseline,gen_reports_as_ref,1,123,171,50.0
mimic-cxr-findings-baseline,gen_reports_as_ref,1,123,172,58.333333333333336
mimic-cxr-findings-baseline,gen_reports_as_ref,1,123,173,75.0
mimic-cxr-findings-baseline,gen_reports_as_ref,1,123,174,85.71428571428571
mimic-cxr-findings-baseline,gen_reports_as_ref,1,123,175,100.0
mimic-cxr-findings-baseline,gen_reports_as_ref,1,123,176,60.0
mimic-cxr-findings-baseline,gen_reports_as_ref,1,123,177,88.23529411764706
mimic-cxr-findings-baseline,gen_reports_as_ref,1,123,178,75.0
mimic-cxr-findings-baseline,gen_reports_as_ref,1,123,179,100.0
mimic-cxr-findings-baseline,gen_reports_as_ref,1,123,180,100.0
mimic-cxr-findings-baseline,gen_reports_as_ref,1,123,181,100.0
mimic-cxr-findings-baseline,gen_reports_as_ref,1,123,182,47.61904761904761
mimic-cxr-findings-baseline,gen_reports_as_ref,1,123,183,87.5
mimic-cxr-findings-baseline,gen_reports_as_ref,1,123,184,100.0
mimic-cxr-findings-baseline,gen_reports_as_ref,1,123,185,85.71428571428571
mimic-cxr-findings-baseline,gen_reports_as_ref,1,123,186,93.33333333333331
mimic-cxr-findings-baseline,gen_reports_as_ref,1,123,187,0.0
mimic-cxr-findings-baseline,gen_reports_as_ref,1,123,188,88.88888888888889
mimic-cxr-findings-baseline,gen_reports_as_ref,1,123,189,100.0
mimic-cxr-findings-baseline,gen_reports_as_ref,1,123,190,40.0
mimic-cxr-findings-baseline,gen_reports_as_ref,1,123,191,100.0
mimic-cxr-findings-baseline,gen_reports_as_ref,1,123,192,40.0
mimic-cxr-findings-baseline,gen_reports_as_ref,1,123,193,100.0
mimic-cxr-findings-baseline,gen_reports_as_ref,1,123,194,60.0
mimic-cxr-findings-baseline,gen_reports_as_ref,1,123,195,90.0
mimic-cxr-findings-baseline,gen_reports_as_ref,1,123,196,100.0
mimic-cxr-findings-baseline,gen_reports_as_ref,1,123,197,9.090909090909092
mimic-cxr-findings-baseline,gen_reports_as_ref,1,123,198,45.45454545454545
mimic-cxr-findings-baseline,gen_reports_as_ref,1,123,199,66.66666666666666
mimic-cxr-findings-baseline,gen_reports_as_ref,1,123,200,100.0
mimic-cxr-findings-baseline,gen_reports_as_ref,1,123,201,80.0
mimic-cxr-findings-baseline,gen_reports_as_ref,1,123,202,100.0
mimic-cxr-findings-baseline,gen_reports_as_ref,1,123,203,77.77777777777779
mimic-cxr-findings-baseline,gen_reports_as_ref,1,123,204,80.0
mimic-cxr-findings-baseline,gen_reports_as_ref,1,123,205,86.36363636363636
mimic-cxr-findings-baseline,gen_reports_as_ref,1,123,206,28.57142857142857
mimic-cxr-findings-baseline,gen_reports_as_ref,1,123,207,71.42857142857143
mimic-cxr-findings-baseline,gen_reports_as_ref,1,123,208,66.66666666666666
mimic-cxr-findings-baseline,gen_reports_as_ref,1,123,209,85.71428571428571
mimic-cxr-findings-baseline,gen_reports_as_ref,1,123,210,75.0
mimic-cxr-findings-baseline,gen_reports_as_ref,1,123,211,90.0
mimic-cxr-findings-baseline,gen_reports_as_ref,1,123,212,85.71428571428571
mimic-cxr-findings-baseline,gen_reports_as_ref,1,123,213,31.25
mimic-cxr-findings-baseline,gen_reports_as_ref,1,123,214,36.84210526315789
mimic-cxr-findings-baseline,gen_reports_as_ref,1,123,215,46.15384615384615
mimic-cxr-findings-baseline,gen_reports_as_ref,1,123,216,100.0
mimic-cxr-findings-baseline,gen_reports_as_ref,1,123,217,80.0
mimic-cxr-findings-baseline,gen_reports_as_ref,1,123,218,50.0
mimic-cxr-findings-baseline,gen_reports_as_ref,1,123,219,100.0
mimic-cxr-findings-baseline,gen_reports_as_ref,1,123,220,44.44444444444444
mimic-cxr-findings-baseline,gen_reports_as_ref,1,123,221,76.47058823529412
mimic-cxr-findings-baseline,gen_reports_as_ref,1,123,222,100.0
mimic-cxr-findings-baseline,gen_reports_as_ref,1,123,223,57.14285714285714
mimic-cxr-findings-baseline,gen_reports_as_ref,1,123,224,66.66666666666666
mimic-cxr-findings-baseline,gen_reports_as_ref,1,123,225,50.0
mimic-cxr-findings-baseline,gen_reports_as_ref,1,123,226,86.66666666666667
mimic-cxr-findings-baseline,gen_reports_as_ref,1,123,227,42.85714285714285
mimic-cxr-findings-baseline,gen_reports_as_ref,1,123,228,58.333333333333336
mimic-cxr-findings-baseline,gen_reports_as_ref,1,123,229,50.0
mimic-cxr-findings-baseline,gen_reports_as_ref,1,123,230,100.0
mimic-cxr-findings-baseline,gen_reports_as_ref,1,123,231,77.77777777777779
mimic-cxr-findings-baseline,gen_reports_as_ref,1,123,232,47.05882352941176
mimic-cxr-findings-baseline,gen_reports_as_ref,1,123,233,0.0
mimic-cxr-findings-baseline,gen_reports_as_ref,1,123,234,85.71428571428571
mimic-cxr-findings-baseline,gen_reports_as_ref,1,123,235,77.77777777777779
mimic-cxr-findings-baseline,gen_reports_as_ref,1,123,236,100.0
mimic-cxr-findings-baseline,gen_reports_as_ref,1,123,237,83.33333333333334
mimic-cxr-findings-baseline,gen_reports_as_ref,1,123,238,75.0
mimic-cxr-findings-baseline,gen_reports_as_ref,1,123,239,18.75
mimic-cxr-findings-baseline,gen_reports_as_ref,1,123,240,100.0
mimic-cxr-findings-baseline,gen_reports_as_ref,1,123,241,50.0
mimic-cxr-findings-baseline,gen_reports_as_ref,1,123,242,75.0
mimic-cxr-findings-baseline,gen_reports_as_ref,1,123,243,100.0
mimic-cxr-findings-baseline,gen_reports_as_ref,1,123,244,0.0
mimic-cxr-findings-baseline,gen_reports_as_ref,1,123,245,75.0
mimic-cxr-findings-baseline,gen_reports_as_ref,1,123,246,58.333333333333336
mimic-cxr-findings-baseline,gen_reports_as_ref,1,123,247,88.88888888888889
mimic-cxr-findings-baseline,gen_reports_as_ref,1,123,248,50.0
mimic-cxr-findings-baseline,gen_reports_as_ref,1,123,249,75.0
mimic-cxr-findings-baseline,gen_reports_as_ref,1,123,250,20.0
mimic-cxr-findings-baseline,gen_reports_as_ref,1,123,251,55.55555555555556
mimic-cxr-findings-baseline,gen_reports_as_ref,1,123,252,75.0
mimic-cxr-findings-baseline,gen_reports_as_ref,1,123,253,66.66666666666666
mimic-cxr-findings-baseline,gen_reports_as_ref,1,123,254,25.0
mimic-cxr-findings-baseline,gen_reports_as_ref,1,123,255,100.0
mimic-cxr-findings-baseline,gen_reports_as_ref,1,123,256,100.0
mimic-cxr-findings-baseline,gen_reports_as_ref,1,123,257,100.0
mimic-cxr-findings-baseline,gen_reports_as_ref,1,123,258,63.63636363636363
mimic-cxr-findings-baseline,gen_reports_as_ref,1,123,259,100.0
mimic-cxr-findings-baseline,gen_reports_as_ref,1,123,260,11.76470588235294
mimic-cxr-findings-baseline,gen_reports_as_ref,1,123,261,100.0
mimic-cxr-findings-baseline,gen_reports_as_ref,1,123,262,92.3076923076923
mimic-cxr-findings-baseline,gen_reports_as_ref,1,123,263,85.71428571428571
mimic-cxr-findings-baseline,gen_reports_as_ref,1,123,264,50.0
mimic-cxr-findings-baseline,gen_reports_as_ref,1,123,265,75.0
mimic-cxr-findings-baseline,gen_reports_as_ref,1,123,266,100.0
mimic-cxr-findings-baseline,gen_reports_as_ref,1,123,267,100.0
mimic-cxr-findings-baseline,gen_reports_as_ref,1,123,268,100.0
mimic-cxr-findings-baseline,gen_reports_as_ref,1,123,269,25.0
mimic-cxr-findings-baseline,gen_reports_as_ref,1,123,270,100.0
mimic-cxr-findings-baseline,gen_reports_as_ref,1,123,271,75.0
mimic-cxr-findings-baseline,gen_reports_as_ref,1,123,272,78.57142857142857
mimic-cxr-findings-baseline,gen_reports_as_ref,1,123,273,25.0
mimic-cxr-findings-baseline,gen_reports_as_ref,1,123,274,100.0
mimic-cxr-findings-baseline,gen_reports_as_ref,1,123,275,70.0
mimic-cxr-findings-baseline,gen_reports_as_ref,1,123,276,90.9090909090909
mimic-cxr-findings-baseline,gen_reports_as_ref,1,123,277,83.33333333333334
mimic-cxr-findings-baseline,gen_reports_as_ref,1,123,278,100.0
mimic-cxr-findings-baseline,gen_reports_as_ref,1,123,279,100.0
mimic-cxr-findings-baseline,gen_reports_as_ref,1,123,280,66.66666666666666
mimic-cxr-findings-baseline,gen_reports_as_ref,1,123,281,66.66666666666666
mimic-cxr-findings-baseline,gen_reports_as_ref,1,123,282,87.5
mimic-cxr-findings-baseline,gen_reports_as_ref,1,123,283,80.0
mimic-cxr-findings-baseline,gen_reports_as_ref,1,123,284,86.66666666666667
mimic-cxr-findings-baseline,gen_reports_as_ref,1,123,285,71.42857142857143
mimic-cxr-findings-baseline,gen_reports_as_ref,1,123,286,100.0
mimic-cxr-findings-baseline,gen_reports_as_ref,1,123,287,100.0
mimic-cxr-findings-baseline,gen_reports_as_ref,1,123,288,66.66666666666666
mimic-cxr-findings-baseline,gen_reports_as_ref,1,123,289,100.0
mimic-cxr-findings-baseline,gen_reports_as_ref,1,123,290,50.0
mimic-cxr-findings-baseline,gen_reports_as_ref,1,123,291,100.0
mimic-cxr-findings-baseline,gen_reports_as_ref,1,123,292,100.0
mimic-cxr-findings-baseline,gen_reports_as_ref,1,123,293,54.54545454545454
mimic-cxr-findings-baseline,gen_reports_as_ref,1,123,294,77.77777777777779
mimic-cxr-findings-baseline,gen_reports_as_ref,1,123,295,80.0
mimic-cxr-findings-baseline,gen_reports_as_ref,1,123,296,100.0
mimic-cxr-findings-baseline,gen_reports_as_ref,1,123,297,62.5
mimic-cxr-findings-baseline,gen_reports_as_ref,1,123,298,100.0
mimic-cxr-findings-baseline,gen_reports_as_ref,1,123,299,93.33333333333331
mimic-cxr-findings-baseline,gen_reports_as_ref,1,123,300,75.0
mimic-cxr-findings-baseline,gen_reports_as_ref,1,123,301,90.9090909090909
mimic-cxr-findings-baseline,gen_reports_as_ref,1,123,302,83.33333333333334
mimic-cxr-findings-baseline,gen_reports_as_ref,1,123,303,30.76923076923077
mimic-cxr-findings-baseline,gen_reports_as_ref,1,123,304,81.81818181818183
mimic-cxr-findings-baseline,gen_reports_as_ref,1,123,305,64.28571428571429
mimic-cxr-findings-baseline,gen_reports_as_ref,1,123,306,100.0
mimic-cxr-findings-baseline,gen_reports_as_ref,1,123,307,80.0
mimic-cxr-findings-baseline,gen_reports_as_ref,1,123,308,100.0
mimic-cxr-findings-baseline,gen_reports_as_ref,1,123,309,61.53846153846154
mimic-cxr-findings-baseline,gen_reports_as_ref,1,123,310,71.42857142857143
mimic-cxr-findings-baseline,gen_reports_as_ref,1,123,311,100.0
mimic-cxr-findings-baseline,gen_reports_as_ref,1,123,312,100.0
mimic-cxr-findings-baseline,gen_reports_as_ref,1,123,313,85.71428571428571
mimic-cxr-findings-baseline,gen_reports_as_ref,1,123,314,84.61538461538461
mimic-cxr-findings-baseline,gen_reports_as_ref,1,123,315,44.44444444444444
mimic-cxr-findings-baseline,gen_reports_as_ref,1,123,316,61.53846153846154
mimic-cxr-findings-baseline,gen_reports_as_ref,1,123,317,100.0
mimic-cxr-findings-baseline,gen_reports_as_ref,1,123,318,33.33333333333333
mimic-cxr-findings-baseline,gen_reports_as_ref,1,123,319,55.00000000000001
mimic-cxr-findings-baseline,gen_reports_as_ref,1,123,320,100.0
mimic-cxr-findings-baseline,gen_reports_as_ref,1,123,321,100.0
mimic-cxr-findings-baseline,gen_reports_as_ref,1,123,322,15.384615384615383
mimic-cxr-findings-baseline,gen_reports_as_ref,1,123,323,85.71428571428571
mimic-cxr-findings-baseline,gen_reports_as_ref,1,123,324,94.73684210526316
mimic-cxr-findings-baseline,gen_reports_as_ref,1,123,325,66.66666666666666
mimic-cxr-findings-baseline,gen_reports_as_ref,1,123,326,100.0
mimic-cxr-findings-baseline,gen_reports_as_ref,1,123,327,60.0
mimic-cxr-findings-baseline,gen_reports_as_ref,1,123,328,60.0
mimic-cxr-findings-baseline,gen_reports_as_ref,1,123,329,100.0
mimic-cxr-findings-baseline,gen_reports_as_ref,1,123,330,84.0
mimic-cxr-findings-baseline,gen_reports_as_ref,1,123,331,53.84615384615385
mimic-cxr-findings-baseline,gen_reports_as_ref,1,123,332,40.0
mimic-cxr-findings-baseline,gen_reports_as_ref,1,123,333,83.33333333333334
mimic-cxr-findings-baseline,gen_reports_as_ref,1,123,334,100.0
mimic-cxr-findings-baseline,gen_reports_as_ref,1,123,335,88.88888888888889
mimic-cxr-findings-baseline,gen_reports_as_ref,1,123,336,61.90476190476191
mimic-cxr-findings-baseline,gen_reports_as_ref,1,123,337,75.0
mimic-cxr-findings-baseline,gen_reports_as_ref,1,123,338,70.0
mimic-cxr-findings-baseline,gen_reports_as_ref,1,123,339,85.71428571428571
mimic-cxr-findings-baseline,gen_reports_as_ref,1,123,340,77.77777777777779
mimic-cxr-findings-baseline,gen_reports_as_ref,1,123,341,61.53846153846154
mimic-cxr-findings-baseline,gen_reports_as_ref,1,123,342,100.0
mimic-cxr-findings-baseline,gen_reports_as_ref,1,123,343,100.0
mimic-cxr-findings-baseline,gen_reports_as_ref,1,123,344,100.0
mimic-cxr-findings-baseline,gen_reports_as_ref,1,123,345,100.0
mimic-cxr-findings-baseline,gen_reports_as_ref,1,123,346,100.0
mimic-cxr-findings-baseline,gen_reports_as_ref,1,123,347,6.666666666666667
mimic-cxr-findings-baseline,gen_reports_as_ref,1,123,348,100.0
mimic-cxr-findings-baseline,gen_reports_as_ref,1,123,349,100.0
mimic-cxr-findings-baseline,gen_reports_as_ref,1,123,350,80.0
mimic-cxr-findings-baseline,gen_reports_as_ref,1,123,351,42.10526315789473
mimic-cxr-findings-baseline,gen_reports_as_ref,1,123,352,100.0
mimic-cxr-findings-baseline,gen_reports_as_ref,1,123,353,100.0
mimic-cxr-findings-baseline,gen_reports_as_ref,1,123,354,87.5
mimic-cxr-findings-baseline,gen_reports_as_ref,1,123,355,83.33333333333334
mimic-cxr-findings-baseline,gen_reports_as_ref,1,123,356,83.33333333333334
mimic-cxr-findings-baseline,gen_reports_as_ref,1,123,357,66.66666666666666
mimic-cxr-findings-baseline,gen_reports_as_ref,1,123,358,80.0
mimic-cxr-findings-baseline,gen_reports_as_ref,1,123,359,100.0
mimic-cxr-findings-baseline,gen_reports_as_ref,1,123,360,50.0
mimic-cxr-findings-baseline,gen_reports_as_ref,1,123,361,75.0
mimic-cxr-findings-baseline,gen_reports_as_ref,1,123,362,25.0
mimic-cxr-findings-baseline,gen_reports_as_ref,1,123,363,100.0
mimic-cxr-findings-baseline,gen_reports_as_ref,1,123,364,33.33333333333333
mimic-cxr-findings-baseline,gen_reports_as_ref,1,123,365,77.77777777777779
mimic-cxr-findings-baseline,gen_reports_as_ref,1,123,366,66.66666666666666
mimic-cxr-findings-baseline,gen_reports_as_ref,1,123,367,71.42857142857143
mimic-cxr-findings-baseline,gen_reports_as_ref,1,123,368,100.0
mimic-cxr-findings-baseline,gen_reports_as_ref,1,123,369,66.66666666666666
mimic-cxr-findings-baseline,gen_reports_as_ref,1,123,370,64.28571428571429
mimic-cxr-findings-baseline,gen_reports_as_ref,1,123,371,100.0
mimic-cxr-findings-baseline,gen_reports_as_ref,1,123,372,100.0
mimic-cxr-findings-baseline,gen_reports_as_ref,1,123,373,60.0
mimic-cxr-findings-baseline,gen_reports_as_ref,1,123,374,85.71428571428571
mimic-cxr-findings-baseline,gen_reports_as_ref,1,123,375,100.0
mimic-cxr-findings-baseline,gen_reports_as_ref,1,123,376,63.63636363636363
mimic-cxr-findings-baseline,gen_reports_as_ref,1,123,377,100.0
mimic-cxr-findings-baseline,gen_reports_as_ref,1,123,378,85.71428571428571
mimic-cxr-findings-baseline,gen_reports_as_ref,1,123,379,75.0
mimic-cxr-findings-baseline,gen_reports_as_ref,1,123,380,100.0
mimic-cxr-findings-baseline,gen_reports_as_ref,1,123,381,100.0
mimic-cxr-findings-baseline,gen_reports_as_ref,1,123,382,100.0
mimic-cxr-findings-baseline,gen_reports_as_ref,1,123,383,75.0
mimic-cxr-findings-baseline,gen_reports_as_ref,1,123,384,76.47058823529412
mimic-cxr-findings-baseline,gen_reports_as_ref,1,123,385,83.33333333333334
mimic-cxr-findings-baseline,gen_reports_as_ref,1,123,386,60.0
mimic-cxr-findings-baseline,gen_reports_as_ref,1,123,387,75.0
mimic-cxr-findings-baseline,gen_reports_as_ref,1,123,388,90.9090909090909
mimic-cxr-findings-baseline,gen_reports_as_ref,1,123,389,94.44444444444444
mimic-cxr-findings-baseline,gen_reports_as_ref,1,123,390,100.0
mimic-cxr-findings-baseline,gen_reports_as_ref,1,123,391,93.33333333333331
mimic-cxr-findings-baseline,gen_reports_as_ref,1,123,392,100.0
mimic-cxr-findings-baseline,gen_reports_as_ref,1,123,393,33.33333333333333
mimic-cxr-findings-baseline,gen_reports_as_ref,1,123,394,57.14285714285714
mimic-cxr-findings-baseline,gen_reports_as_ref,1,123,395,37.5
mimic-cxr-findings-baseline,gen_reports_as_ref,1,123,396,75.0
mimic-cxr-findings-baseline,gen_reports_as_ref,1,123,397,100.0
mimic-cxr-findings-baseline,gen_reports_as_ref,1,123,398,60.0
mimic-cxr-findings-baseline,gen_reports_as_ref,1,123,399,40.0
mimic-cxr-findings-baseline,gen_reports_as_ref,1,123,400,33.33333333333333
mimic-cxr-findings-baseline,gen_reports_as_ref,1,123,401,50.0
mimic-cxr-findings-baseline,gen_reports_as_ref,1,123,402,90.0
mimic-cxr-findings-baseline,gen_reports_as_ref,1,123,403,88.88888888888889
mimic-cxr-findings-baseline,gen_reports_as_ref,1,123,404,40.0
mimic-cxr-findings-baseline,gen_reports_as_ref,1,123,405,100.0
mimic-cxr-findings-baseline,gen_reports_as_ref,1,123,406,80.0
mimic-cxr-findings-baseline,gen_reports_as_ref,1,123,407,88.88888888888889
mimic-cxr-findings-baseline,gen_reports_as_ref,1,123,408,100.0
mimic-cxr-findings-baseline,gen_reports_as_ref,1,123,409,60.0
mimic-cxr-findings-baseline,gen_reports_as_ref,1,123,410,63.63636363636363
mimic-cxr-findings-baseline,gen_reports_as_ref,1,123,411,80.0
mimic-cxr-findings-baseline,gen_reports_as_ref,1,123,412,100.0
mimic-cxr-findings-baseline,gen_reports_as_ref,1,123,413,80.0
mimic-cxr-findings-baseline,gen_reports_as_ref,1,123,414,100.0
mimic-cxr-findings-baseline,gen_reports_as_ref,1,123,415,66.66666666666666
mimic-cxr-findings-baseline,gen_reports_as_ref,1,123,416,53.333333333333336
mimic-cxr-findings-baseline,gen_reports_as_ref,1,123,417,87.5
mimic-cxr-findings-baseline,gen_reports_as_ref,1,123,418,66.66666666666666
mimic-cxr-findings-baseline,gen_reports_as_ref,1,123,419,100.0
mimic-cxr-findings-baseline,gen_reports_as_ref,1,123,420,57.14285714285714
mimic-cxr-findings-baseline,gen_reports_as_ref,1,123,421,88.23529411764706
mimic-cxr-findings-baseline,gen_reports_as_ref,1,123,422,71.42857142857143
mimic-cxr-findings-baseline,gen_reports_as_ref,1,123,423,100.0
mimic-cxr-findings-baseline,gen_reports_as_ref,1,123,424,100.0
mimic-cxr-findings-baseline,gen_reports_as_ref,1,123,425,100.0
mimic-cxr-findings-baseline,gen_reports_as_ref,1,123,426,16.666666666666664
mimic-cxr-findings-baseline,gen_reports_as_ref,1,123,427,100.0
mimic-cxr-findings-baseline,gen_reports_as_ref,1,123,428,75.0
mimic-cxr-findings-baseline,gen_reports_as_ref,1,123,429,50.0
mimic-cxr-findings-baseline,gen_reports_as_ref,1,123,430,84.21052631578947
mimic-cxr-findings-baseline,gen_reports_as_ref,1,123,431,58.82352941176471
mimic-cxr-findings-baseline,gen_reports_as_ref,1,123,432,29.411764705882355
mimic-cxr-findings-baseline,gen_reports_as_ref,1,123,433,66.66666666666666
mimic-cxr-findings-baseline,gen_reports_as_ref,1,123,434,100.0
mimic-cxr-findings-baseline,gen_reports_as_ref,1,123,435,83.33333333333334
mimic-cxr-findings-baseline,gen_reports_as_ref,1,123,436,85.71428571428571
mimic-cxr-findings-baseline,gen_reports_as_ref,1,123,437,92.3076923076923
mimic-cxr-findings-baseline,gen_reports_as_ref,1,123,438,69.23076923076923
mimic-cxr-findings-baseline,gen_reports_as_ref,1,123,439,100.0
mimic-cxr-findings-baseline,gen_reports_as_ref,1,123,440,66.66666666666666
mimic-cxr-findings-baseline,gen_reports_as_ref,1,123,441,72.22222222222221
mimic-cxr-findings-baseline,gen_reports_as_ref,1,123,442,77.77777777777779
mimic-cxr-findings-baseline,gen_reports_as_ref,1,123,443,33.33333333333333
mimic-cxr-findings-baseline,gen_reports_as_ref,1,123,444,100.0
mimic-cxr-findings-baseline,gen_reports_as_ref,1,123,445,33.33333333333333
mimic-cxr-findings-baseline,gen_reports_as_ref,1,123,446,80.0
mimic-cxr-findings-baseline,gen_reports_as_ref,1,123,447,66.66666666666666
mimic-cxr-findings-baseline,gen_reports_as_ref,1,123,448,37.5
mimic-cxr-findings-baseline,gen_reports_as_ref,1,123,449,100.0
mimic-cxr-findings-baseline,gen_reports_as_ref,1,123,450,90.9090909090909
mimic-cxr-findings-baseline,gen_reports_as_ref,1,123,451,12.5
mimic-cxr-findings-baseline,gen_reports_as_ref,1,123,452,100.0
mimic-cxr-findings-baseline,gen_reports_as_ref,1,123,453,20.0
mimic-cxr-findings-baseline,gen_reports_as_ref,1,123,454,37.5
mimic-cxr-findings-baseline,gen_reports_as_ref,1,123,455,88.88888888888889
mimic-cxr-findings-baseline,gen_reports_as_ref,1,123,456,57.14285714285714
mimic-cxr-findings-baseline,gen_reports_as_ref,1,123,457,100.0
mimic-cxr-findings-baseline,gen_reports_as_ref,1,123,458,37.5
mimic-cxr-findings-baseline,gen_reports_as_ref,1,123,459,71.42857142857143
mimic-cxr-findings-baseline,gen_reports_as_ref,1,123,460,33.33333333333333
mimic-cxr-findings-baseline,gen_reports_as_ref,1,123,461,75.0
mimic-cxr-findings-baseline,gen_reports_as_ref,1,123,462,100.0
mimic-cxr-findings-baseline,gen_reports_as_ref,1,123,463,93.75
mimic-cxr-findings-baseline,gen_reports_as_ref,1,123,464,75.0
mimic-cxr-findings-baseline,gen_reports_as_ref,1,123,465,66.66666666666666
mimic-cxr-findings-baseline,gen_reports_as_ref,1,123,466,100.0
mimic-cxr-findings-baseline,gen_reports_as_ref,1,123,467,50.0
mimic-cxr-findings-baseline,gen_reports_as_ref,1,123,468,100.0
mimic-cxr-findings-baseline,gen_reports_as_ref,1,123,469,80.0
mimic-cxr-findings-baseline,gen_reports_as_ref,1,123,470,70.0
mimic-cxr-findings-baseline,gen_reports_as_ref,1,123,471,57.14285714285714
mimic-cxr-findings-baseline,gen_reports_as_ref,1,123,472,66.66666666666666
mimic-cxr-findings-baseline,gen_reports_as_ref,1,123,473,22.22222222222222
mimic-cxr-findings-baseline,gen_reports_as_ref,1,123,474,44.44444444444444
mimic-cxr-findings-baseline,gen_reports_as_ref,1,123,475,100.0
mimic-cxr-findings-baseline,gen_reports_as_ref,1,123,476,43.75
mimic-cxr-findings-baseline,gen_reports_as_ref,1,123,477,77.77777777777779
mimic-cxr-findings-baseline,gen_reports_as_ref,1,123,478,53.333333333333336
mimic-cxr-findings-baseline,gen_reports_as_ref,1,123,479,80.0
mimic-cxr-findings-baseline,gen_reports_as_ref,1,123,480,88.88888888888889
mimic-cxr-findings-baseline,gen_reports_as_ref,1,123,481,55.55555555555556
mimic-cxr-findings-baseline,gen_reports_as_ref,1,123,482,55.55555555555556
mimic-cxr-findings-baseline,gen_reports_as_ref,1,123,483,100.0
mimic-cxr-findings-baseline,gen_reports_as_ref,1,123,484,100.0
mimic-cxr-findings-baseline,gen_reports_as_ref,1,123,485,90.0
mimic-cxr-findings-baseline,gen_reports_as_ref,1,123,486,45.45454545454545
mimic-cxr-findings-baseline,gen_reports_as_ref,1,123,487,80.0
mimic-cxr-findings-baseline,gen_reports_as_ref,1,123,488,100.0
mimic-cxr-findings-baseline,gen_reports_as_ref,1,123,489,100.0
mimic-cxr-findings-baseline,gen_reports_as_ref,1,123,490,100.0
mimic-cxr-findings-baseline,gen_reports_as_ref,1,123,491,100.0
mimic-cxr-findings-baseline,gen_reports_as_ref,1,123,492,36.36363636363637
mimic-cxr-findings-baseline,gen_reports_as_ref,1,123,493,66.66666666666666
mimic-cxr-findings-baseline,gen_reports_as_ref,1,123,494,100.0
mimic-cxr-findings-baseline,gen_reports_as_ref,1,123,495,22.22222222222222
mimic-cxr-findings-baseline,gen_reports_as_ref,1,123,496,58.82352941176471
mimic-cxr-findings-baseline,gen_reports_as_ref,1,123,497,68.75
mimic-cxr-findings-baseline,gen_reports_as_ref,1,123,498,66.66666666666666
mimic-cxr-findings-baseline,gen_reports_as_ref,1,123,499,53.84615384615385
mimic-cxr-findings-baseline,gen_reports_as_ref,1,123,500,66.66666666666666
mimic-cxr-findings-baseline,gen_reports_as_ref,1,123,501,100.0
mimic-cxr-findings-baseline,gen_reports_as_ref,1,123,502,50.0
mimic-cxr-findings-baseline,gen_reports_as_ref,1,123,503,91.66666666666666
mimic-cxr-findings-baseline,gen_reports_as_ref,1,123,504,62.5
mimic-cxr-findings-baseline,gen_reports_as_ref,1,123,505,61.11111111111112
mimic-cxr-findings-baseline,gen_reports_as_ref,1,123,506,100.0
mimic-cxr-findings-baseline,gen_reports_as_ref,1,123,507,36.36363636363637
mimic-cxr-findings-baseline,gen_reports_as_ref,1,123,508,100.0
mimic-cxr-findings-baseline,gen_reports_as_ref,1,123,509,50.0
mimic-cxr-findings-baseline,gen_reports_as_ref,1,123,510,60.0
mimic-cxr-findings-baseline,gen_reports_as_ref,1,123,511,83.33333333333334
mimic-cxr-findings-baseline,gen_reports_as_ref,1,123,512,87.5
mimic-cxr-findings-baseline,gen_reports_as_ref,1,123,513,91.66666666666666
mimic-cxr-findings-baseline,gen_reports_as_ref,1,123,514,45.45454545454545
mimic-cxr-findings-baseline,gen_reports_as_ref,1,123,515,0.0
mimic-cxr-findings-baseline,gen_reports_as_ref,1,123,516,73.33333333333333
mimic-cxr-findings-baseline,gen_reports_as_ref,1,123,517,100.0
mimic-cxr-findings-baseline,gen_reports_as_ref,1,123,518,64.28571428571429
mimic-cxr-findings-baseline,gen_reports_as_ref,1,123,519,100.0
mimic-cxr-findings-baseline,gen_reports_as_ref,1,123,520,50.0
mimic-cxr-findings-baseline,gen_reports_as_ref,1,123,521,84.61538461538461
mimic-cxr-findings-baseline,gen_reports_as_ref,1,123,522,100.0
mimic-cxr-findings-baseline,gen_reports_as_ref,1,123,523,100.0
mimic-cxr-findings-baseline,gen_reports_as_ref,1,123,524,66.66666666666666
mimic-cxr-findings-baseline,gen_reports_as_ref,1,123,525,62.5
mimic-cxr-findings-baseline,gen_reports_as_ref,1,123,526,14.285714285714285
mimic-cxr-findings-baseline,gen_reports_as_ref,1,123,527,100.0
mimic-cxr-findings-baseline,gen_reports_as_ref,1,123,528,75.0
mimic-cxr-findings-baseline,gen_reports_as_ref,1,123,529,100.0
mimic-cxr-findings-baseline,gen_reports_as_ref,1,123,530,85.71428571428571
mimic-cxr-findings-baseline,gen_reports_as_ref,1,123,531,70.0
mimic-cxr-findings-baseline,gen_reports_as_ref,1,123,532,85.71428571428571
mimic-cxr-findings-baseline,gen_reports_as_ref,1,123,533,71.42857142857143
mimic-cxr-findings-baseline,gen_reports_as_ref,1,123,534,90.0
mimic-cxr-findings-baseline,gen_reports_as_ref,1,123,535,40.0
mimic-cxr-findings-baseline,gen_reports_as_ref,1,123,536,88.88888888888889
mimic-cxr-findings-baseline,gen_reports_as_ref,1,123,537,30.76923076923077
mimic-cxr-findings-baseline,gen_reports_as_ref,1,123,538,100.0
mimic-cxr-findings-baseline,gen_reports_as_ref,1,123,539,87.5
mimic-cxr-findings-baseline,gen_reports_as_ref,1,123,540,66.66666666666666
mimic-cxr-findings-baseline,gen_reports_as_ref,1,123,541,83.33333333333334
mimic-cxr-findings-baseline,gen_reports_as_ref,1,123,542,100.0
mimic-cxr-findings-baseline,gen_reports_as_ref,1,123,543,62.5
mimic-cxr-findings-baseline,gen_reports_as_ref,1,123,544,100.0
mimic-cxr-findings-baseline,gen_reports_as_ref,1,123,545,26.08695652173913
mimic-cxr-findings-baseline,gen_reports_as_ref,1,123,546,27.27272727272727
mimic-cxr-findings-baseline,gen_reports_as_ref,1,123,547,100.0
mimic-cxr-findings-baseline,gen_reports_as_ref,1,123,548,100.0
mimic-cxr-findings-baseline,gen_reports_as_ref,1,123,549,58.333333333333336
mimic-cxr-findings-baseline,gen_reports_as_ref,1,123,550,75.0
mimic-cxr-findings-baseline,gen_reports_as_ref,1,123,551,90.0
mimic-cxr-findings-baseline,gen_reports_as_ref,1,123,552,66.66666666666666
mimic-cxr-findings-baseline,gen_reports_as_ref,1,123,553,42.85714285714285
mimic-cxr-findings-baseline,gen_reports_as_ref,1,123,554,92.85714285714286
mimic-cxr-findings-baseline,gen_reports_as_ref,1,123,555,100.0
mimic-cxr-findings-baseline,gen_reports_as_ref,1,123,556,78.57142857142857
mimic-cxr-findings-baseline,gen_reports_as_ref,1,123,557,100.0
mimic-cxr-findings-baseline,gen_reports_as_ref,1,123,558,66.66666666666666
mimic-cxr-findings-baseline,gen_reports_as_ref,1,123,559,75.0
mimic-cxr-findings-baseline,gen_reports_as_ref,1,123,560,100.0
mimic-cxr-findings-baseline,gen_reports_as_ref,1,123,561,80.0
mimic-cxr-findings-baseline,gen_reports_as_ref,1,123,562,71.42857142857143
mimic-cxr-findings-baseline,gen_reports_as_ref,1,123,563,58.82352941176471
mimic-cxr-findings-baseline,gen_reports_as_ref,1,123,564,100.0
mimic-cxr-findings-baseline,gen_reports_as_ref,1,123,565,56.25
mimic-cxr-findings-baseline,gen_reports_as_ref,1,123,566,100.0
mimic-cxr-findings-baseline,gen_reports_as_ref,1,123,567,80.0
mimic-cxr-findings-baseline,gen_reports_as_ref,1,123,568,0.0
mimic-cxr-findings-baseline,gen_reports_as_ref,1,123,569,94.73684210526316
mimic-cxr-findings-baseline,gen_reports_as_ref,1,123,570,57.14285714285714
mimic-cxr-findings-baseline,gen_reports_as_ref,1,123,571,50.0
mimic-cxr-findings-baseline,gen_reports_as_ref,1,123,572,41.66666666666667
mimic-cxr-findings-baseline,gen_reports_as_ref,1,123,573,100.0
mimic-cxr-findings-baseline,gen_reports_as_ref,1,123,574,57.14285714285714
mimic-cxr-findings-baseline,gen_reports_as_ref,1,123,575,100.0
mimic-cxr-findings-baseline,gen_reports_as_ref,1,123,576,44.44444444444444
mimic-cxr-findings-baseline,gen_reports_as_ref,1,123,577,16.666666666666664
mimic-cxr-findings-baseline,gen_reports_as_ref,1,123,578,37.5
mimic-cxr-findings-baseline,gen_reports_as_ref,1,123,579,91.66666666666666
mimic-cxr-findings-baseline,gen_reports_as_ref,1,123,580,71.42857142857143
mimic-cxr-findings-baseline,gen_reports_as_ref,1,123,581,100.0
mimic-cxr-findings-baseline,gen_reports_as_ref,1,123,582,71.42857142857143
mimic-cxr-findings-baseline,gen_reports_as_ref,1,123,583,64.28571428571429
mimic-cxr-findings-baseline,gen_reports_as_ref,1,123,584,100.0
mimic-cxr-findings-baseline,gen_reports_as_ref,1,123,585,100.0
mimic-cxr-findings-baseline,gen_reports_as_ref,1,123,586,50.0
mimic-cxr-findings-baseline,gen_reports_as_ref,1,123,587,100.0
mimic-cxr-findings-baseline,gen_reports_as_ref,1,123,588,100.0
mimic-cxr-findings-baseline,gen_reports_as_ref,1,123,589,88.88888888888889
maira-2,gt_reports_as_ref,1,123,0,88.88888888888889
maira-2,gt_reports_as_ref,1,123,1,100.0
maira-2,gt_reports_as_ref,1,123,2,0.0
maira-2,gt_reports_as_ref,1,123,3,54.54545454545454
maira-2,gt_reports_as_ref,1,123,4,100.0
maira-2,gt_reports_as_ref,1,123,5,87.5
maira-2,gt_reports_as_ref,1,123,6,92.85714285714286
maira-2,gt_reports_as_ref,1,123,7,100.0
maira-2,gt_reports_as_ref,1,123,8,100.0
maira-2,gt_reports_as_ref,1,123,9,75.0
maira-2,gt_reports_as_ref,1,123,10,90.9090909090909
maira-2,gt_reports_as_ref,1,123,11,100.0
maira-2,gt_reports_as_ref,1,123,12,37.5
maira-2,gt_reports_as_ref,1,123,13,75.0
maira-2,gt_reports_as_ref,1,123,14,100.0
maira-2,gt_reports_as_ref,1,123,15,42.85714285714285
maira-2,gt_reports_as_ref,1,123,16,50.0
maira-2,gt_reports_as_ref,1,123,17,94.11764705882352
maira-2,gt_reports_as_ref,1,123,18,100.0
maira-2,gt_reports_as_ref,1,123,19,84.61538461538461
maira-2,gt_reports_as_ref,1,123,20,87.5
maira-2,gt_reports_as_ref,1,123,21,80.0
maira-2,gt_reports_as_ref,1,123,22,100.0
maira-2,gt_reports_as_ref,1,123,23,77.77777777777779
maira-2,gt_reports_as_ref,1,123,24,71.42857142857143
maira-2,gt_reports_as_ref,1,123,25,100.0
maira-2,gt_reports_as_ref,1,123,26,50.0
maira-2,gt_reports_as_ref,1,123,27,94.44444444444444
maira-2,gt_reports_as_ref,1,123,28,56.25
maira-2,gt_reports_as_ref,1,123,29,72.72727272727273
maira-2,gt_reports_as_ref,1,123,30,100.0
maira-2,gt_reports_as_ref,1,123,31,100.0
maira-2,gt_reports_as_ref,1,123,32,100.0
maira-2,gt_reports_as_ref,1,123,33,88.88888888888889
maira-2,gt_reports_as_ref,1,123,34,82.35294117647058
maira-2,gt_reports_as_ref,1,123,35,40.0
maira-2,gt_reports_as_ref,1,123,36,100.0
maira-2,gt_reports_as_ref,1,123,37,91.66666666666666
maira-2,gt_reports_as_ref,1,123,38,66.66666666666666
maira-2,gt_reports_as_ref,1,123,39,91.66666666666666
maira-2,gt_reports_as_ref,1,123,40,100.0
maira-2,gt_reports_as_ref,1,123,41,78.57142857142857
maira-2,gt_reports_as_ref,1,123,42,33.33333333333333
maira-2,gt_reports_as_ref,1,123,43,90.0
maira-2,gt_reports_as_ref,1,123,44,81.81818181818183
maira-2,gt_reports_as_ref,1,123,45,92.3076923076923
maira-2,gt_reports_as_ref,1,123,46,100.0
maira-2,gt_reports_as_ref,1,123,47,100.0
maira-2,gt_reports_as_ref,1,123,48,69.56521739130434
maira-2,gt_reports_as_ref,1,123,49,76.92307692307693
maira-2,gt_reports_as_ref,1,123,50,69.23076923076923
maira-2,gt_reports_as_ref,1,123,51,64.28571428571429
maira-2,gt_reports_as_ref,1,123,52,100.0
maira-2,gt_reports_as_ref,1,123,53,84.61538461538461
maira-2,gt_reports_as_ref,1,123,54,100.0
maira-2,gt_reports_as_ref,1,123,55,75.0
maira-2,gt_reports_as_ref,1,123,56,75.0
maira-2,gt_reports_as_ref,1,123,57,78.57142857142857
maira-2,gt_reports_as_ref,1,123,58,86.66666666666667
maira-2,gt_reports_as_ref,1,123,59,100.0
maira-2,gt_reports_as_ref,1,123,60,100.0
maira-2,gt_reports_as_ref,1,123,61,57.14285714285714
maira-2,gt_reports_as_ref,1,123,62,100.0
maira-2,gt_reports_as_ref,1,123,63,100.0
maira-2,gt_reports_as_ref,1,123,64,100.0
maira-2,gt_reports_as_ref,1,123,65,100.0
maira-2,gt_reports_as_ref,1,123,66,87.5
maira-2,gt_reports_as_ref,1,123,67,100.0
maira-2,gt_reports_as_ref,1,123,68,33.33333333333333
maira-2,gt_reports_as_ref,1,123,69,77.77777777777779
maira-2,gt_reports_as_ref,1,123,70,83.33333333333334
maira-2,gt_reports_as_ref,1,123,71,83.33333333333334
maira-2,gt_reports_as_ref,1,123,72,100.0
maira-2,gt_reports_as_ref,1,123,73,87.5
maira-2,gt_reports_as_ref,1,123,74,100.0
maira-2,gt_reports_as_ref,1,123,75,50.0
maira-2,gt_reports_as_ref,1,123,76,75.0
maira-2,gt_reports_as_ref,1,123,77,100.0
maira-2,gt_reports_as_ref,1,123,78,60.0
maira-2,gt_reports_as_ref,1,123,79,83.33333333333334
maira-2,gt_reports_as_ref,1,123,80,85.71428571428571
maira-2,gt_reports_as_ref,1,123,81,100.0
maira-2,gt_reports_as_ref,1,123,82,100.0
maira-2,gt_reports_as_ref,1,123,83,90.0
maira-2,gt_reports_as_ref,1,123,84,95.45454545454544
maira-2,gt_reports_as_ref,1,123,85,100.0
maira-2,gt_reports_as_ref,1,123,86,76.92307692307693
maira-2,gt_reports_as_ref,1,123,87,92.85714285714286
maira-2,gt_reports_as_ref,1,123,88,83.33333333333334
maira-2,gt_reports_as_ref,1,123,89,100.0
maira-2,gt_reports_as_ref,1,123,90,100.0
maira-2,gt_reports_as_ref,1,123,91,63.63636363636363
maira-2,gt_reports_as_ref,1,123,92,77.77777777777779
maira-2,gt_reports_as_ref,1,123,93,28.57142857142857
maira-2,gt_reports_as_ref,1,123,94,66.66666666666666
maira-2,gt_reports_as_ref,1,123,95,82.35294117647058
maira-2,gt_reports_as_ref,1,123,96,100.0
maira-2,gt_reports_as_ref,1,123,97,100.0
maira-2,gt_reports_as_ref,1,123,98,80.0
maira-2,gt_reports_as_ref,1,123,99,90.0
maira-2,gt_reports_as_ref,1,123,100,100.0
maira-2,gt_reports_as_ref,1,123,101,100.0
maira-2,gt_reports_as_ref,1,123,102,100.0
maira-2,gt_reports_as_ref,1,123,103,100.0
maira-2,gt_reports_as_ref,1,123,104,100.0
maira-2,gt_reports_as_ref,1,123,105,100.0
maira-2,gt_reports_as_ref,1,123,106,90.9090909090909
maira-2,gt_reports_as_ref,1,123,107,100.0
maira-2,gt_reports_as_ref,1,123,108,37.5
maira-2,gt_reports_as_ref,1,123,109,95.0
maira-2,gt_reports_as_ref,1,123,110,57.14285714285714
maira-2,gt_reports_as_ref,1,123,111,87.5
maira-2,gt_reports_as_ref,1,123,112,93.33333333333331
maira-2,gt_reports_as_ref,1,123,113,80.0
maira-2,gt_reports_as_ref,1,123,114,95.0
maira-2,gt_reports_as_ref,1,123,115,75.0
maira-2,gt_reports_as_ref,1,123,116,64.28571428571429
maira-2,gt_reports_as_ref,1,123,117,83.33333333333334
maira-2,gt_reports_as_ref,1,123,118,94.11764705882352
maira-2,gt_reports_as_ref,1,123,119,100.0
maira-2,gt_reports_as_ref,1,123,120,69.23076923076923
maira-2,gt_reports_as_ref,1,123,121,100.0
maira-2,gt_reports_as_ref,1,123,122,88.88888888888889
maira-2,gt_reports_as_ref,1,123,123,100.0
maira-2,gt_reports_as_ref,1,123,124,100.0
maira-2,gt_reports_as_ref,1,123,125,66.66666666666666
maira-2,gt_reports_as_ref,1,123,126,88.88888888888889
maira-2,gt_reports_as_ref,1,123,127,82.35294117647058
maira-2,gt_reports_as_ref,1,123,128,73.33333333333333
maira-2,gt_reports_as_ref,1,123,129,88.88888888888889
maira-2,gt_reports_as_ref,1,123,130,100.0
maira-2,gt_reports_as_ref,1,123,131,81.81818181818183
maira-2,gt_reports_as_ref,1,123,132,76.92307692307693
maira-2,gt_reports_as_ref,1,123,133,83.33333333333334
maira-2,gt_reports_as_ref,1,123,134,75.0
maira-2,gt_reports_as_ref,1,123,135,91.66666666666666
maira-2,gt_reports_as_ref,1,123,136,40.0
maira-2,gt_reports_as_ref,1,123,137,100.0
maira-2,gt_reports_as_ref,1,123,138,77.77777777777779
maira-2,gt_reports_as_ref,1,123,139,83.33333333333334
maira-2,gt_reports_as_ref,1,123,140,86.66666666666667
maira-2,gt_reports_as_ref,1,123,141,69.23076923076923
maira-2,gt_reports_as_ref,1,123,142,80.0
maira-2,gt_reports_as_ref,1,123,143,88.88888888888889
maira-2,gt_reports_as_ref,1,123,144,100.0
maira-2,gt_reports_as_ref,1,123,145,70.0
maira-2,gt_reports_as_ref,1,123,146,95.0
maira-2,gt_reports_as_ref,1,123,147,87.5
maira-2,gt_reports_as_ref,1,123,148,100.0
maira-2,gt_reports_as_ref,1,123,149,100.0
maira-2,gt_reports_as_ref,1,123,150,78.57142857142857
maira-2,gt_reports_as_ref,1,123,151,38.46153846153847
maira-2,gt_reports_as_ref,1,123,152,100.0
maira-2,gt_reports_as_ref,1,123,153,64.28571428571429
maira-2,gt_reports_as_ref,1,123,154,80.0
maira-2,gt_reports_as_ref,1,123,155,100.0
maira-2,gt_reports_as_ref,1,123,156,86.66666666666667
maira-2,gt_reports_as_ref,1,123,157,91.66666666666666
maira-2,gt_reports_as_ref,1,123,158,66.66666666666666
maira-2,gt_reports_as_ref,1,123,159,100.0
maira-2,gt_reports_as_ref,1,123,160,100.0
maira-2,gt_reports_as_ref,1,123,161,66.66666666666666
maira-2,gt_reports_as_ref,1,123,162,44.44444444444444
maira-2,gt_reports_as_ref,1,123,163,100.0
maira-2,gt_reports_as_ref,1,123,164,100.0
maira-2,gt_reports_as_ref,1,123,165,85.71428571428571
maira-2,gt_reports_as_ref,1,123,166,40.0
maira-2,gt_reports_as_ref,1,123,167,54.54545454545454
maira-2,gt_reports_as_ref,1,123,168,100.0
maira-2,gt_reports_as_ref,1,123,169,100.0
maira-2,gt_reports_as_ref,1,123,170,57.14285714285714
maira-2,gt_reports_as_ref,1,123,171,35.294117647058826
maira-2,gt_reports_as_ref,1,123,172,38.46153846153847
maira-2,gt_reports_as_ref,1,123,173,44.44444444444444
maira-2,gt_reports_as_ref,1,123,174,100.0
maira-2,gt_reports_as_ref,1,123,175,66.66666666666666
maira-2,gt_reports_as_ref,1,123,176,92.3076923076923
maira-2,gt_reports_as_ref,1,123,177,52.0
maira-2,gt_reports_as_ref,1,123,178,50.0
maira-2,gt_reports_as_ref,1,123,179,100.0
maira-2,gt_reports_as_ref,1,123,180,31.818181818181817
maira-2,gt_reports_as_ref,1,123,181,87.5
maira-2,gt_reports_as_ref,1,123,182,46.15384615384615
maira-2,gt_reports_as_ref,1,123,183,63.63636363636363
maira-2,gt_reports_as_ref,1,123,184,38.88888888888889
maira-2,gt_reports_as_ref,1,123,185,76.47058823529412
maira-2,gt_reports_as_ref,1,123,186,40.0
maira-2,gt_reports_as_ref,1,123,187,60.0
maira-2,gt_reports_as_ref,1,123,188,61.11111111111112
maira-2,gt_reports_as_ref,1,123,189,58.333333333333336
maira-2,gt_reports_as_ref,1,123,190,40.0
maira-2,gt_reports_as_ref,1,123,191,100.0
maira-2,gt_reports_as_ref,1,123,192,40.0
maira-2,gt_reports_as_ref,1,123,193,82.35294117647058
maira-2,gt_reports_as_ref,1,123,194,100.0
maira-2,gt_reports_as_ref,1,123,195,18.181818181818183
maira-2,gt_reports_as_ref,1,123,196,100.0
maira-2,gt_reports_as_ref,1,123,197,90.9090909090909
maira-2,gt_reports_as_ref,1,123,198,100.0
maira-2,gt_reports_as_ref,1,123,199,26.31578947368421
maira-2,gt_reports_as_ref,1,123,200,63.63636363636363
maira-2,gt_reports_as_ref,1,123,201,57.89473684210527
maira-2,gt_reports_as_ref,1,123,202,100.0
maira-2,gt_reports_as_ref,1,123,203,47.61904761904761
maira-2,gt_reports_as_ref,1,123,204,88.88888888888889
maira-2,gt_reports_as_ref,1,123,205,88.88888888888889
maira-2,gt_reports_as_ref,1,123,206,31.57894736842105
maira-2,gt_reports_as_ref,1,123,207,62.5
maira-2,gt_reports_as_ref,1,123,208,23.07692307692308
maira-2,gt_reports_as_ref,1,123,209,87.5
maira-2,gt_reports_as_ref,1,123,210,100.0
maira-2,gt_reports_as_ref,1,123,211,88.88888888888889
maira-2,gt_reports_as_ref,1,123,212,0.0
maira-2,gt_reports_as_ref,1,123,213,68.42105263157895
maira-2,gt_reports_as_ref,1,123,214,53.333333333333336
maira-2,gt_reports_as_ref,1,123,215,46.66666666666666
maira-2,gt_reports_as_ref,1,123,216,25.0
maira-2,gt_reports_as_ref,1,123,217,87.5
maira-2,gt_reports_as_ref,1,123,218,30.76923076923077
maira-2,gt_reports_as_ref,1,123,219,100.0
maira-2,gt_reports_as_ref,1,123,220,40.0
maira-2,gt_reports_as_ref,1,123,221,72.72727272727273
maira-2,gt_reports_as_ref,1,123,222,85.71428571428571
maira-2,gt_reports_as_ref,1,123,223,80.0
maira-2,gt_reports_as_ref,1,123,224,53.84615384615385
maira-2,gt_reports_as_ref,1,123,225,66.66666666666666
maira-2,gt_reports_as_ref,1,123,226,36.84210526315789
maira-2,gt_reports_as_ref,1,123,227,60.0
maira-2,gt_reports_as_ref,1,123,228,83.33333333333334
maira-2,gt_reports_as_ref,1,123,229,40.0
maira-2,gt_reports_as_ref,1,123,230,37.5
maira-2,gt_reports_as_ref,1,123,231,25.0
maira-2,gt_reports_as_ref,1,123,232,66.66666666666666
maira-2,gt_reports_as_ref,1,123,233,56.25
maira-2,gt_reports_as_ref,1,123,234,81.81818181818183
maira-2,gt_reports_as_ref,1,123,235,38.46153846153847
maira-2,gt_reports_as_ref,1,123,236,41.17647058823529
maira-2,gt_reports_as_ref,1,123,237,53.84615384615385
maira-2,gt_reports_as_ref,1,123,238,100.0
maira-2,gt_reports_as_ref,1,123,239,50.0
maira-2,gt_reports_as_ref,1,123,240,81.81818181818183
maira-2,gt_reports_as_ref,1,123,241,40.0
maira-2,gt_reports_as_ref,1,123,242,75.0
maira-2,gt_reports_as_ref,1,123,243,90.0
maira-2,gt_reports_as_ref,1,123,244,32.142857142857146
maira-2,gt_reports_as_ref,1,123,245,83.33333333333334
maira-2,gt_reports_as_ref,1,123,246,22.22222222222222
maira-2,gt_reports_as_ref,1,123,247,100.0
maira-2,gt_reports_as_ref,1,123,248,76.47058823529412
maira-2,gt_reports_as_ref,1,123,249,90.9090909090909
maira-2,gt_reports_as_ref,1,123,250,75.0
maira-2,gt_reports_as_ref,1,123,251,47.61904761904761
maira-2,gt_reports_as_ref,1,123,252,72.22222222222221
maira-2,gt_reports_as_ref,1,123,253,66.66666666666666
maira-2,gt_reports_as_ref,1,123,254,25.0
maira-2,gt_reports_as_ref,1,123,255,37.5
maira-2,gt_reports_as_ref,1,123,256,64.28571428571429
maira-2,gt_reports_as_ref,1,123,257,100.0
maira-2,gt_reports_as_ref,1,123,258,65.0
maira-2,gt_reports_as_ref,1,123,259,70.0
maira-2,gt_reports_as_ref,1,123,260,38.88888888888889
maira-2,gt_reports_as_ref,1,123,261,88.23529411764706
maira-2,gt_reports_as_ref,1,123,262,58.333333333333336
maira-2,gt_reports_as_ref,1,123,263,61.53846153846154
maira-2,gt_reports_as_ref,1,123,264,46.15384615384615
maira-2,gt_reports_as_ref,1,123,265,50.0
maira-2,gt_reports_as_ref,1,123,266,57.14285714285714
maira-2,gt_reports_as_ref,1,123,267,66.66666666666666
maira-2,gt_reports_as_ref,1,123,268,100.0
maira-2,gt_reports_as_ref,1,123,269,100.0
maira-2,gt_reports_as_ref,1,123,270,100.0
maira-2,gt_reports_as_ref,1,123,271,23.07692307692308
maira-2,gt_reports_as_ref,1,123,272,54.54545454545454
maira-2,gt_reports_as_ref,1,123,273,100.0
maira-2,gt_reports_as_ref,1,123,274,21.052631578947366
maira-2,gt_reports_as_ref,1,123,275,100.0
maira-2,gt_reports_as_ref,1,123,276,76.92307692307693
maira-2,gt_reports_as_ref,1,123,277,41.17647058823529
maira-2,gt_reports_as_ref,1,123,278,60.0
maira-2,gt_reports_as_ref,1,123,279,83.33333333333334
maira-2,gt_reports_as_ref,1,123,280,6.25
maira-2,gt_reports_as_ref,1,123,281,20.0
maira-2,gt_reports_as_ref,1,123,282,64.28571428571429
maira-2,gt_reports_as_ref,1,123,283,41.66666666666667
maira-2,gt_reports_as_ref,1,123,284,77.77777777777779
maira-2,gt_reports_as_ref,1,123,285,30.0
maira-2,gt_reports_as_ref,1,123,286,100.0
maira-2,gt_reports_as_ref,1,123,287,80.0
maira-2,gt_reports_as_ref,1,123,288,88.88888888888889
maira-2,gt_reports_as_ref,1,123,289,33.33333333333333
maira-2,gt_reports_as_ref,1,123,290,52.38095238095239
maira-2,gt_reports_as_ref,1,123,291,71.42857142857143
maira-2,gt_reports_as_ref,1,123,292,66.66666666666666
maira-2,gt_reports_as_ref,1,123,293,90.9090909090909
maira-2,gt_reports_as_ref,1,123,294,66.66666666666666
maira-2,gt_reports_as_ref,1,123,295,81.81818181818183
maira-2,gt_reports_as_ref,1,123,296,35.294117647058826
maira-2,gt_reports_as_ref,1,123,297,50.0
maira-2,gt_reports_as_ref,1,123,298,62.5
maira-2,gt_reports_as_ref,1,123,299,33.33333333333333
maira-2,gt_reports_as_ref,1,123,300,38.095238095238095
maira-2,gt_reports_as_ref,1,123,301,70.58823529411765
maira-2,gt_reports_as_ref,1,123,302,42.85714285714285
maira-2,gt_reports_as_ref,1,123,303,36.36363636363637
maira-2,gt_reports_as_ref,1,123,304,60.0
maira-2,gt_reports_as_ref,1,123,305,50.0
maira-2,gt_reports_as_ref,1,123,306,61.53846153846154
maira-2,gt_reports_as_ref,1,123,307,62.5
maira-2,gt_reports_as_ref,1,123,308,100.0
maira-2,gt_reports_as_ref,1,123,309,58.333333333333336
maira-2,gt_reports_as_ref,1,123,310,50.0
maira-2,gt_reports_as_ref,1,123,311,87.5
maira-2,gt_reports_as_ref,1,123,312,75.0
maira-2,gt_reports_as_ref,1,123,313,100.0
maira-2,gt_reports_as_ref,1,123,314,50.0
maira-2,gt_reports_as_ref,1,123,315,38.46153846153847
maira-2,gt_reports_as_ref,1,123,316,38.46153846153847
maira-2,gt_reports_as_ref,1,123,317,38.46153846153847
maira-2,gt_reports_as_ref,1,123,318,76.47058823529412
maira-2,gt_reports_as_ref,1,123,319,35.0
maira-2,gt_reports_as_ref,1,123,320,92.85714285714286
maira-2,gt_reports_as_ref,1,123,321,100.0
maira-2,gt_reports_as_ref,1,123,322,60.86956521739131
maira-2,gt_reports_as_ref,1,123,323,72.72727272727273
maira-2,gt_reports_as_ref,1,123,324,42.85714285714285
maira-2,gt_reports_as_ref,1,123,325,57.14285714285714
maira-2,gt_reports_as_ref,1,123,326,75.0
maira-2,gt_reports_as_ref,1,123,327,85.71428571428571
maira-2,gt_reports_as_ref,1,123,328,91.66666666666666
maira-2,gt_reports_as_ref,1,123,329,94.11764705882352
maira-2,gt_reports_as_ref,1,123,330,55.00000000000001
maira-2,gt_reports_as_ref,1,123,331,100.0
maira-2,gt_reports_as_ref,1,123,332,95.23809523809524
maira-2,gt_reports_as_ref,1,123,333,91.66666666666666
maira-2,gt_reports_as_ref,1,123,334,100.0
maira-2,gt_reports_as_ref,1,123,335,100.0
maira-2,gt_reports_as_ref,1,123,336,12.5
maira-2,gt_reports_as_ref,1,123,337,91.66666666666666
maira-2,gt_reports_as_ref,1,123,338,35.714285714285715
maira-2,gt_reports_as_ref,1,123,339,93.33333333333331
maira-2,gt_reports_as_ref,1,123,340,40.0
maira-2,gt_reports_as_ref,1,123,341,20.0
maira-2,gt_reports_as_ref,1,123,342,100.0
maira-2,gt_reports_as_ref,1,123,343,44.44444444444444
maira-2,gt_reports_as_ref,1,123,344,70.0
maira-2,gt_reports_as_ref,1,123,345,66.66666666666666
maira-2,gt_reports_as_ref,1,123,346,60.0
maira-2,gt_reports_as_ref,1,123,347,16.666666666666664
maira-2,gt_reports_as_ref,1,123,348,100.0
maira-2,gt_reports_as_ref,1,123,349,57.14285714285714
maira-2,gt_reports_as_ref,1,123,350,53.84615384615385
maira-2,gt_reports_as_ref,1,123,351,35.294117647058826
maira-2,gt_reports_as_ref,1,123,352,60.0
maira-2,gt_reports_as_ref,1,123,353,36.36363636363637
maira-2,gt_reports_as_ref,1,123,354,46.15384615384615
maira-2,gt_reports_as_ref,1,123,355,71.42857142857143
maira-2,gt_reports_as_ref,1,123,356,69.23076923076923
maira-2,gt_reports_as_ref,1,123,357,18.75
maira-2,gt_reports_as_ref,1,123,358,57.89473684210527
maira-2,gt_reports_as_ref,1,123,359,77.77777777777779
maira-2,gt_reports_as_ref,1,123,360,45.45454545454545
maira-2,gt_reports_as_ref,1,123,361,88.88888888888889
maira-2,gt_reports_as_ref,1,123,362,66.66666666666666
maira-2,gt_reports_as_ref,1,123,363,100.0
maira-2,gt_reports_as_ref,1,123,364,80.0
maira-2,gt_reports_as_ref,1,123,365,62.5
maira-2,gt_reports_as_ref,1,123,366,70.0
maira-2,gt_reports_as_ref,1,123,367,62.5
maira-2,gt_reports_as_ref,1,123,368,42.85714285714285
maira-2,gt_reports_as_ref,1,123,369,30.0
maira-2,gt_reports_as_ref,1,123,370,75.0
maira-2,gt_reports_as_ref,1,123,371,100.0
maira-2,gt_reports_as_ref,1,123,372,100.0
maira-2,gt_reports_as_ref,1,123,373,71.42857142857143
maira-2,gt_reports_as_ref,1,123,374,44.44444444444444
maira-2,gt_reports_as_ref,1,123,375,100.0
maira-2,gt_reports_as_ref,1,123,376,64.28571428571429
maira-2,gt_reports_as_ref,1,123,377,50.0
maira-2,gt_reports_as_ref,1,123,378,63.63636363636363
maira-2,gt_reports_as_ref,1,123,379,90.0
maira-2,gt_reports_as_ref,1,123,380,100.0
maira-2,gt_reports_as_ref,1,123,381,100.0
maira-2,gt_reports_as_ref,1,123,382,45.45454545454545
maira-2,gt_reports_as_ref,1,123,383,91.66666666666666
maira-2,gt_reports_as_ref,1,123,384,78.57142857142857
maira-2,gt_reports_as_ref,1,123,385,30.76923076923077
maira-2,gt_reports_as_ref,1,123,386,7.6923076923076925
maira-2,gt_reports_as_ref,1,123,387,76.47058823529412
maira-2,gt_reports_as_ref,1,123,388,100.0
maira-2,gt_reports_as_ref,1,123,389,84.61538461538461
maira-2,gt_reports_as_ref,1,123,390,55.55555555555556
maira-2,gt_reports_as_ref,1,123,391,62.5
maira-2,gt_reports_as_ref,1,123,392,91.66666666666666
maira-2,gt_reports_as_ref,1,123,393,87.5
maira-2,gt_reports_as_ref,1,123,394,88.88888888888889
maira-2,gt_reports_as_ref,1,123,395,85.71428571428571
maira-2,gt_reports_as_ref,1,123,396,87.5
maira-2,gt_reports_as_ref,1,123,397,57.14285714285714
maira-2,gt_reports_as_ref,1,123,398,100.0
maira-2,gt_reports_as_ref,1,123,399,41.17647058823529
maira-2,gt_reports_as_ref,1,123,400,88.88888888888889
maira-2,gt_reports_as_ref,1,123,401,83.33333333333334
maira-2,gt_reports_as_ref,1,123,402,69.23076923076923
maira-2,gt_reports_as_ref,1,123,403,45.45454545454545
maira-2,gt_reports_as_ref,1,123,404,86.66666666666667
maira-2,gt_reports_as_ref,1,123,405,91.66666666666666
maira-2,gt_reports_as_ref,1,123,406,60.0
maira-2,gt_reports_as_ref,1,123,407,69.23076923076923
maira-2,gt_reports_as_ref,1,123,408,71.42857142857143
maira-2,gt_reports_as_ref,1,123,409,66.66666666666666
maira-2,gt_reports_as_ref,1,123,410,73.33333333333333
maira-2,gt_reports_as_ref,1,123,411,75.0
maira-2,gt_reports_as_ref,1,123,412,60.0
maira-2,gt_reports_as_ref,1,123,413,100.0
maira-2,gt_reports_as_ref,1,123,414,78.57142857142857
maira-2,gt_reports_as_ref,1,123,415,93.33333333333331
maira-2,gt_reports_as_ref,1,123,416,66.66666666666666
maira-2,gt_reports_as_ref,1,123,417,88.23529411764706
maira-2,gt_reports_as_ref,1,123,418,30.76923076923077
maira-2,gt_reports_as_ref,1,123,419,100.0
maira-2,gt_reports_as_ref,1,123,420,100.0
maira-2,gt_reports_as_ref,1,123,421,10.526315789473683
maira-2,gt_reports_as_ref,1,123,422,92.3076923076923
maira-2,gt_reports_as_ref,1,123,423,100.0
maira-2,gt_reports_as_ref,1,123,424,81.81818181818183
maira-2,gt_reports_as_ref,1,123,425,100.0
maira-2,gt_reports_as_ref,1,123,426,100.0
maira-2,gt_reports_as_ref,1,123,427,50.0
maira-2,gt_reports_as_ref,1,123,428,23.809523809523807
maira-2,gt_reports_as_ref,1,123,429,100.0
maira-2,gt_reports_as_ref,1,123,430,41.66666666666667
maira-2,gt_reports_as_ref,1,123,431,90.0
maira-2,gt_reports_as_ref,1,123,432,42.85714285714285
maira-2,gt_reports_as_ref,1,123,433,88.88888888888889
maira-2,gt_reports_as_ref,1,123,434,60.0
maira-2,gt_reports_as_ref,1,123,435,0.0
maira-2,gt_reports_as_ref,1,123,436,64.28571428571429
maira-2,gt_reports_as_ref,1,123,437,91.66666666666666
maira-2,gt_reports_as_ref,1,123,438,75.0
maira-2,gt_reports_as_ref,1,123,439,60.0
maira-2,gt_reports_as_ref,1,123,440,66.66666666666666
maira-2,gt_reports_as_ref,1,123,441,50.0
maira-2,gt_reports_as_ref,1,123,442,40.0
maira-2,gt_reports_as_ref,1,123,443,94.11764705882352
maira-2,gt_reports_as_ref,1,123,444,25.0
maira-2,gt_reports_as_ref,1,123,445,100.0
maira-2,gt_reports_as_ref,1,123,446,100.0
maira-2,gt_reports_as_ref,1,123,447,21.052631578947366
maira-2,gt_reports_as_ref,1,123,448,42.85714285714285
maira-2,gt_reports_as_ref,1,123,449,83.33333333333334
maira-2,gt_reports_as_ref,1,123,450,60.0
maira-2,gt_reports_as_ref,1,123,451,16.666666666666664
maira-2,gt_reports_as_ref,1,123,452,72.72727272727273
maira-2,gt_reports_as_ref,1,123,453,40.0
maira-2,gt_reports_as_ref,1,123,454,100.0
maira-2,gt_reports_as_ref,1,123,455,92.85714285714286
maira-2,gt_reports_as_ref,1,123,456,63.63636363636363
maira-2,gt_reports_as_ref,1,123,457,39.130434782608695
maira-2,gt_reports_as_ref,1,123,458,50.0
maira-2,gt_reports_as_ref,1,123,459,50.0
maira-2,gt_reports_as_ref,1,123,460,90.9090909090909
maira-2,gt_reports_as_ref,1,123,461,68.75
maira-2,gt_reports_as_ref,1,123,462,92.3076923076923
maira-2,gt_reports_as_ref,1,123,463,25.0
maira-2,gt_reports_as_ref,1,123,464,40.0
maira-2,gt_reports_as_ref,1,123,465,50.0
maira-2,gt_reports_as_ref,1,123,466,60.0
maira-2,gt_reports_as_ref,1,123,467,26.31578947368421
maira-2,gt_reports_as_ref,1,123,468,45.45454545454545
maira-2,gt_reports_as_ref,1,123,469,100.0
maira-2,gt_reports_as_ref,1,123,470,69.23076923076923
maira-2,gt_reports_as_ref,1,123,471,66.66666666666666
maira-2,gt_reports_as_ref,1,123,472,37.5
maira-2,gt_reports_as_ref,1,123,473,29.411764705882355
maira-2,gt_reports_as_ref,1,123,474,28.57142857142857
maira-2,gt_reports_as_ref,1,123,475,100.0
maira-2,gt_reports_as_ref,1,123,476,52.38095238095239
maira-2,gt_reports_as_ref,1,123,477,78.57142857142857
maira-2,gt_reports_as_ref,1,123,478,59.09090909090909
maira-2,gt_reports_as_ref,1,123,479,100.0
maira-2,gt_reports_as_ref,1,123,480,93.33333333333331
maira-2,gt_reports_as_ref,1,123,481,83.33333333333334
maira-2,gt_reports_as_ref,1,123,482,83.33333333333334
maira-2,gt_reports_as_ref,1,123,483,100.0
maira-2,gt_reports_as_ref,1,123,484,77.77777777777779
maira-2,gt_reports_as_ref,1,123,485,42.85714285714285
maira-2,gt_reports_as_ref,1,123,486,64.28571428571429
maira-2,gt_reports_as_ref,1,123,487,37.5
maira-2,gt_reports_as_ref,1,123,488,100.0
maira-2,gt_reports_as_ref,1,123,489,60.0
maira-2,gt_reports_as_ref,1,123,490,12.5
maira-2,gt_reports_as_ref,1,123,491,90.0
maira-2,gt_reports_as_ref,1,123,492,50.0
maira-2,gt_reports_as_ref,1,123,493,88.88888888888889
maira-2,gt_reports_as_ref,1,123,494,100.0
maira-2,gt_reports_as_ref,1,123,495,12.5
maira-2,gt_reports_as_ref,1,123,496,50.0
maira-2,gt_reports_as_ref,1,123,497,73.68421052631578
maira-2,gt_reports_as_ref,1,123,498,50.0
maira-2,gt_reports_as_ref,1,123,499,25.0
maira-2,gt_reports_as_ref,1,123,500,61.53846153846154
maira-2,gt_reports_as_ref,1,123,501,52.94117647058824
maira-2,gt_reports_as_ref,1,123,502,26.31578947368421
maira-2,gt_reports_as_ref,1,123,503,100.0
maira-2,gt_reports_as_ref,1,123,504,50.0
maira-2,gt_reports_as_ref,1,123,505,33.33333333333333
maira-2,gt_reports_as_ref,1,123,506,90.9090909090909
maira-2,gt_reports_as_ref,1,123,507,16.666666666666664
maira-2,gt_reports_as_ref,1,123,508,41.66666666666667
maira-2,gt_reports_as_ref,1,123,509,52.94117647058824
maira-2,gt_reports_as_ref,1,123,510,38.46153846153847
maira-2,gt_reports_as_ref,1,123,511,100.0
maira-2,gt_reports_as_ref,1,123,512,42.85714285714285
maira-2,gt_reports_as_ref,1,123,513,34.78260869565217
maira-2,gt_reports_as_ref,1,123,514,76.92307692307693
maira-2,gt_reports_as_ref,1,123,515,38.095238095238095
maira-2,gt_reports_as_ref,1,123,516,46.15384615384615
maira-2,gt_reports_as_ref,1,123,517,83.33333333333334
maira-2,gt_reports_as_ref,1,123,518,45.45454545454545
maira-2,gt_reports_as_ref,1,123,519,88.88888888888889
maira-2,gt_reports_as_ref,1,123,520,41.66666666666667
maira-2,gt_reports_as_ref,1,123,521,50.0
maira-2,gt_reports_as_ref,1,123,522,75.0
maira-2,gt_reports_as_ref,1,123,523,71.42857142857143
maira-2,gt_reports_as_ref,1,123,524,55.00000000000001
maira-2,gt_reports_as_ref,1,123,525,83.33333333333334
maira-2,gt_reports_as_ref,1,123,526,31.25
maira-2,gt_reports_as_ref,1,123,527,85.71428571428571
maira-2,gt_reports_as_ref,1,123,528,54.54545454545454
maira-2,gt_reports_as_ref,1,123,529,100.0
maira-2,gt_reports_as_ref,1,123,530,75.0
maira-2,gt_reports_as_ref,1,123,531,94.44444444444444
maira-2,gt_reports_as_ref,1,123,532,81.81818181818183
maira-2,gt_reports_as_ref,1,123,533,75.0
maira-2,gt_reports_as_ref,1,123,534,95.0
maira-2,gt_reports_as_ref,1,123,535,50.0
maira-2,gt_reports_as_ref,1,123,536,100.0
maira-2,gt_reports_as_ref,1,123,537,41.66666666666667
maira-2,gt_reports_as_ref,1,123,538,22.727272727272727
maira-2,gt_reports_as_ref,1,123,539,72.22222222222221
maira-2,gt_reports_as_ref,1,123,540,83.33333333333334
maira-2,gt_reports_as_ref,1,123,541,50.0
maira-2,gt_reports_as_ref,1,123,542,88.88888888888889
maira-2,gt_reports_as_ref,1,123,543,37.5
maira-2,gt_reports_as_ref,1,123,544,85.71428571428571
maira-2,gt_reports_as_ref,1,123,545,41.17647058823529
maira-2,gt_reports_as_ref,1,123,546,50.0
maira-2,gt_reports_as_ref,1,123,547,100.0
maira-2,gt_reports_as_ref,1,123,548,37.5
maira-2,gt_reports_as_ref,1,123,549,33.33333333333333
maira-2,gt_reports_as_ref,1,123,550,57.14285714285714
maira-2,gt_reports_as_ref,1,123,551,100.0
maira-2,gt_reports_as_ref,1,123,552,53.84615384615385
maira-2,gt_reports_as_ref,1,123,553,52.94117647058824
maira-2,gt_reports_as_ref,1,123,554,54.54545454545454
maira-2,gt_reports_as_ref,1,123,555,81.81818181818183
maira-2,gt_reports_as_ref,1,123,556,57.89473684210527
maira-2,gt_reports_as_ref,1,123,557,77.77777777777779
maira-2,gt_reports_as_ref,1,123,558,94.44444444444444
maira-2,gt_reports_as_ref,1,123,559,90.9090909090909
maira-2,gt_reports_as_ref,1,123,560,100.0
maira-2,gt_reports_as_ref,1,123,561,50.0
maira-2,gt_reports_as_ref,1,123,562,52.94117647058824
maira-2,gt_reports_as_ref,1,123,563,27.27272727272727
maira-2,gt_reports_as_ref,1,123,564,50.0
maira-2,gt_reports_as_ref,1,123,565,58.82352941176471
maira-2,gt_reports_as_ref,1,123,566,66.66666666666666
maira-2,gt_reports_as_ref,1,123,567,75.0
maira-2,gt_reports_as_ref,1,123,568,52.94117647058824
maira-2,gt_reports_as_ref,1,123,569,81.81818181818183
maira-2,gt_reports_as_ref,1,123,570,36.36363636363637
maira-2,gt_reports_as_ref,1,123,571,52.0
maira-2,gt_reports_as_ref,1,123,572,94.11764705882352
maira-2,gt_reports_as_ref,1,123,573,100.0
maira-2,gt_reports_as_ref,1,123,574,100.0
maira-2,gt_reports_as_ref,1,123,575,75.0
maira-2,gt_reports_as_ref,1,123,576,20.0
maira-2,gt_reports_as_ref,1,123,577,71.42857142857143
maira-2,gt_reports_as_ref,1,123,578,20.0
maira-2,gt_reports_as_ref,1,123,579,46.66666666666666
maira-2,gt_reports_as_ref,1,123,580,40.0
maira-2,gt_reports_as_ref,1,123,581,78.57142857142857
maira-2,gt_reports_as_ref,1,123,582,42.85714285714285
maira-2,gt_reports_as_ref,1,123,583,38.88888888888889
maira-2,gt_reports_as_ref,1,123,584,100.0
maira-2,gt_reports_as_ref,1,123,585,60.0
maira-2,gt_reports_as_ref,1,123,586,52.38095238095239
maira-2,gt_reports_as_ref,1,123,587,62.5
maira-2,gt_reports_as_ref,1,123,588,100.0
maira-2,gt_reports_as_ref,1,123,589,21.428571428571427
maira-2,gen_reports_as_ref,1,123,0,92.3076923076923
maira-2,gen_reports_as_ref,1,123,1,93.33333333333331
maira-2,gen_reports_as_ref,1,123,2,68.75
maira-2,gen_reports_as_ref,1,123,3,100.0
maira-2,gen_reports_as_ref,1,123,4,88.23529411764706
maira-2,gen_reports_as_ref,1,123,5,50.0
maira-2,gen_reports_as_ref,1,123,6,100.0
maira-2,gen_reports_as_ref,1,123,7,76.47058823529412
maira-2,gen_reports_as_ref,1,123,8,87.5
maira-2,gen_reports_as_ref,1,123,9,100.0
maira-2,gen_reports_as_ref,1,123,10,88.88888888888889
maira-2,gen_reports_as_ref,1,123,11,100.0
maira-2,gen_reports_as_ref,1,123,12,61.53846153846154
maira-2,gen_reports_as_ref,1,123,13,23.07692307692308
maira-2,gen_reports_as_ref,1,123,14,100.0
maira-2,gen_reports_as_ref,1,123,15,100.0
maira-2,gen_reports_as_ref,1,123,16,73.33333333333333
maira-2,gen_reports_as_ref,1,123,17,85.71428571428571
maira-2,gen_reports_as_ref,1,123,18,100.0
maira-2,gen_reports_as_ref,1,123,19,42.85714285714285
maira-2,gen_reports_as_ref,1,123,20,40.0
maira-2,gen_reports_as_ref,1,123,21,84.21052631578947
maira-2,gen_reports_as_ref,1,123,22,71.42857142857143
maira-2,gen_reports_as_ref,1,123,23,100.0
maira-2,gen_reports_as_ref,1,123,24,62.5
maira-2,gen_reports_as_ref,1,123,25,95.0
maira-2,gen_reports_as_ref,1,123,26,100.0
maira-2,gen_reports_as_ref,1,123,27,21.428571428571427
maira-2,gen_reports_as_ref,1,123,28,100.0
maira-2,gen_reports_as_ref,1,123,29,94.11764705882352
maira-2,gen_reports_as_ref,1,123,30,100.0
maira-2,gen_reports_as_ref,1,123,31,64.28571428571429
maira-2,gen_reports_as_ref,1,123,32,100.0
maira-2,gen_reports_as_ref,1,123,33,50.0
maira-2,gen_reports_as_ref,1,123,34,93.33333333333331
maira-2,gen_reports_as_ref,1,123,35,75.0
maira-2,gen_reports_as_ref,1,123,36,61.53846153846154
maira-2,gen_reports_as_ref,1,123,37,94.44444444444444
maira-2,gen_reports_as_ref,1,123,38,72.72727272727273
maira-2,gen_reports_as_ref,1,123,39,100.0
maira-2,gen_reports_as_ref,1,123,40,100.0
maira-2,gen_reports_as_ref,1,123,41,44.44444444444444
maira-2,gen_reports_as_ref,1,123,42,60.0
maira-2,gen_reports_as_ref,1,123,43,100.0
maira-2,gen_reports_as_ref,1,123,44,66.66666666666666
maira-2,gen_reports_as_ref,1,123,45,100.0
maira-2,gen_reports_as_ref,1,123,46,91.66666666666666
maira-2,gen_reports_as_ref,1,123,47,54.54545454545454
maira-2,gen_reports_as_ref,1,123,48,35.294117647058826
maira-2,gen_reports_as_ref,1,123,49,100.0
maira-2,gen_reports_as_ref,1,123,50,100.0
maira-2,gen_reports_as_ref,1,123,51,58.333333333333336
maira-2,gen_reports_as_ref,1,123,52,66.66666666666666
maira-2,gen_reports_as_ref,1,123,53,100.0
maira-2,gen_reports_as_ref,1,123,54,100.0
maira-2,gen_reports_as_ref,1,123,55,93.33333333333331
maira-2,gen_reports_as_ref,1,123,56,80.0
maira-2,gen_reports_as_ref,1,123,57,100.0
maira-2,gen_reports_as_ref,1,123,58,92.85714285714286
maira-2,gen_reports_as_ref,1,123,59,70.0
maira-2,gen_reports_as_ref,1,123,60,60.0
maira-2,gen_reports_as_ref,1,123,61,77.77777777777779
maira-2,gen_reports_as_ref,1,123,62,100.0
maira-2,gen_reports_as_ref,1,123,63,100.0
maira-2,gen_reports_as_ref,1,123,64,80.0
maira-2,gen_reports_as_ref,1,123,65,100.0
maira-2,gen_reports_as_ref,1,123,66,100.0
maira-2,gen_reports_as_ref,1,123,67,88.23529411764706
maira-2,gen_reports_as_ref,1,123,68,61.53846153846154
maira-2,gen_reports_as_ref,1,123,69,100.0
maira-2,gen_reports_as_ref,1,123,70,53.333333333333336
maira-2,gen_reports_as_ref,1,123,71,100.0
maira-2,gen_reports_as_ref,1,123,72,92.85714285714286
maira-2,gen_reports_as_ref,1,123,73,100.0
maira-2,gen_reports_as_ref,1,123,74,100.0
maira-2,gen_reports_as_ref,1,123,75,100.0
maira-2,gen_reports_as_ref,1,123,76,100.0
maira-2,gen_reports_as_ref,1,123,77,56.25
maira-2,gen_reports_as_ref,1,123,78,47.368421052631575
maira-2,gen_reports_as_ref,1,123,79,100.0
maira-2,gen_reports_as_ref,1,123,80,100.0
maira-2,gen_reports_as_ref,1,123,81,100.0
maira-2,gen_reports_as_ref,1,123,82,50.0
maira-2,gen_reports_as_ref,1,123,83,68.75
maira-2,gen_reports_as_ref,1,123,84,92.85714285714286
maira-2,gen_reports_as_ref,1,123,85,92.3076923076923
maira-2,gen_reports_as_ref,1,123,86,100.0
maira-2,gen_reports_as_ref,1,123,87,88.88888888888889
maira-2,gen_reports_as_ref,1,123,88,93.33333333333331
maira-2,gen_reports_as_ref,1,123,89,100.0
maira-2,gen_reports_as_ref,1,123,90,50.0
maira-2,gen_reports_as_ref,1,123,91,42.85714285714285
maira-2,gen_reports_as_ref,1,123,92,92.3076923076923
maira-2,gen_reports_as_ref,1,123,93,60.0
maira-2,gen_reports_as_ref,1,123,94,100.0
maira-2,gen_reports_as_ref,1,123,95,57.14285714285714
maira-2,gen_reports_as_ref,1,123,96,100.0
maira-2,gen_reports_as_ref,1,123,97,100.0
maira-2,gen_reports_as_ref,1,123,98,73.33333333333333
maira-2,gen_reports_as_ref,1,123,99,92.3076923076923
maira-2,gen_reports_as_ref,1,123,100,93.33333333333331
maira-2,gen_reports_as_ref,1,123,101,100.0
maira-2,gen_reports_as_ref,1,123,102,100.0
maira-2,gen_reports_as_ref,1,123,103,93.75
maira-2,gen_reports_as_ref,1,123,104,100.0
maira-2,gen_reports_as_ref,1,123,105,66.66666666666666
maira-2,gen_reports_as_ref,1,123,106,92.3076923076923
maira-2,gen_reports_as_ref,1,123,107,83.33333333333334
maira-2,gen_reports_as_ref,1,123,108,64.28571428571429
maira-2,gen_reports_as_ref,1,123,109,73.33333333333333
maira-2,gen_reports_as_ref,1,123,110,100.0
maira-2,gen_reports_as_ref,1,123,111,100.0
maira-2,gen_reports_as_ref,1,123,112,45.45454545454545
maira-2,gen_reports_as_ref,1,123,113,92.3076923076923
maira-2,gen_reports_as_ref,1,123,114,88.23529411764706
maira-2,gen_reports_as_ref,1,123,115,100.0
maira-2,gen_reports_as_ref,1,123,116,100.0
maira-2,gen_reports_as_ref,1,123,117,50.0
maira-2,gen_reports_as_ref,1,123,118,90.0
maira-2,gen_reports_as_ref,1,123,119,100.0
maira-2,gen_reports_as_ref,1,123,120,81.81818181818183
maira-2,gen_reports_as_ref,1,123,121,88.88888888888889
maira-2,gen_reports_as_ref,1,123,122,100.0
maira-2,gen_reports_as_ref,1,123,123,100.0
maira-2,gen_reports_as_ref,1,123,124,100.0
maira-2,gen_reports_as_ref,1,123,125,90.9090909090909
maira-2,gen_reports_as_ref,1,123,126,100.0
maira-2,gen_reports_as_ref,1,123,127,100.0
maira-2,gen_reports_as_ref,1,123,128,100.0
maira-2,gen_reports_as_ref,1,123,129,83.33333333333334
maira-2,gen_reports_as_ref,1,123,130,78.57142857142857
maira-2,gen_reports_as_ref,1,123,131,83.33333333333334
maira-2,gen_reports_as_ref,1,123,132,100.0
maira-2,gen_reports_as_ref,1,123,133,100.0
maira-2,gen_reports_as_ref,1,123,134,85.71428571428571
maira-2,gen_reports_as_ref,1,123,135,21.428571428571427
maira-2,gen_reports_as_ref,1,123,136,57.14285714285714
maira-2,gen_reports_as_ref,1,123,137,27.27272727272727
maira-2,gen_reports_as_ref,1,123,138,100.0
maira-2,gen_reports_as_ref,1,123,139,100.0
maira-2,gen_reports_as_ref,1,123,140,52.63157894736842
maira-2,gen_reports_as_ref,1,123,141,92.3076923076923
maira-2,gen_reports_as_ref,1,123,142,94.11764705882352
maira-2,gen_reports_as_ref,1,123,143,93.33333333333331
maira-2,gen_reports_as_ref,1,123,144,100.0
maira-2,gen_reports_as_ref,1,123,145,100.0
maira-2,gen_reports_as_ref,1,123,146,71.42857142857143
maira-2,gen_reports_as_ref,1,123,147,91.66666666666666
maira-2,gen_reports_as_ref,1,123,148,50.0
maira-2,gen_reports_as_ref,1,123,149,50.0
maira-2,gen_reports_as_ref,1,123,150,100.0
maira-2,gen_reports_as_ref,1,123,151,100.0
maira-2,gen_reports_as_ref,1,123,152,100.0
maira-2,gen_reports_as_ref,1,123,153,100.0
maira-2,gen_reports_as_ref,1,123,154,100.0
maira-2,gen_reports_as_ref,1,123,155,100.0
maira-2,gen_reports_as_ref,1,123,156,38.46153846153847
maira-2,gen_reports_as_ref,1,123,157,100.0
maira-2,gen_reports_as_ref,1,123,158,80.0
maira-2,gen_reports_as_ref,1,123,159,100.0
maira-2,gen_reports_as_ref,1,123,160,94.11764705882352
maira-2,gen_reports_as_ref,1,123,161,33.33333333333333
maira-2,gen_reports_as_ref,1,123,162,72.72727272727273
maira-2,gen_reports_as_ref,1,123,163,100.0
maira-2,gen_reports_as_ref,1,123,164,61.53846153846154
maira-2,gen_reports_as_ref,1,123,165,46.66666666666666
maira-2,gen_reports_as_ref,1,123,166,100.0
maira-2,gen_reports_as_ref,1,123,167,92.3076923076923
maira-2,gen_reports_as_ref,1,123,168,100.0
maira-2,gen_reports_as_ref,1,123,169,100.0
maira-2,gen_reports_as_ref,1,123,170,100.0
maira-2,gen_reports_as_ref,1,123,171,55.55555555555556
maira-2,gen_reports_as_ref,1,123,172,56.25
maira-2,gen_reports_as_ref,1,123,173,84.61538461538461
maira-2,gen_reports_as_ref,1,123,174,66.66666666666666
maira-2,gen_reports_as_ref,1,123,175,18.75
maira-2,gen_reports_as_ref,1,123,176,100.0
maira-2,gen_reports_as_ref,1,123,177,84.61538461538461
maira-2,gen_reports_as_ref,1,123,178,85.71428571428571
maira-2,gen_reports_as_ref,1,123,179,60.0
maira-2,gen_reports_as_ref,1,123,180,94.44444444444444
maira-2,gen_reports_as_ref,1,123,181,100.0
maira-2,gen_reports_as_ref,1,123,182,60.0
maira-2,gen_reports_as_ref,1,123,183,57.89473684210527
maira-2,gen_reports_as_ref,1,123,184,100.0
maira-2,gen_reports_as_ref,1,123,185,100.0
maira-2,gen_reports_as_ref,1,123,186,66.66666666666666
maira-2,gen_reports_as_ref,1,123,187,21.428571428571427
maira-2,gen_reports_as_ref,1,123,188,43.75
maira-2,gen_reports_as_ref,1,123,189,100.0
maira-2,gen_reports_as_ref,1,123,190,92.3076923076923
maira-2,gen_reports_as_ref,1,123,191,100.0
maira-2,gen_reports_as_ref,1,123,192,31.25
maira-2,gen_reports_as_ref,1,123,193,37.5
maira-2,gen_reports_as_ref,1,123,194,60.0
maira-2,gen_reports_as_ref,1,123,195,100.0
maira-2,gen_reports_as_ref,1,123,196,53.84615384615385
maira-2,gen_reports_as_ref,1,123,197,92.85714285714286
maira-2,gen_reports_as_ref,1,123,198,100.0
maira-2,gen_reports_as_ref,1,123,199,25.0
maira-2,gen_reports_as_ref,1,123,200,50.0
maira-2,gen_reports_as_ref,1,123,201,50.0
maira-2,gen_reports_as_ref,1,123,202,100.0
maira-2,gen_reports_as_ref,1,123,203,63.63636363636363
maira-2,gen_reports_as_ref,1,123,204,61.53846153846154
maira-2,gen_reports_as_ref,1,123,205,64.70588235294117
maira-2,gen_reports_as_ref,1,123,206,61.11111111111112
maira-2,gen_reports_as_ref,1,123,207,75.0
maira-2,gen_reports_as_ref,1,123,208,58.82352941176471
maira-2,gen_reports_as_ref,1,123,209,80.0
maira-2,gen_reports_as_ref,1,123,210,88.88888888888889
maira-2,gen_reports_as_ref,1,123,211,92.85714285714286
maira-2,gen_reports_as_ref,1,123,212,86.66666666666667
maira-2,gen_reports_as_ref,1,123,213,18.75
maira-2,gen_reports_as_ref,1,123,214,25.0
maira-2,gen_reports_as_ref,1,123,215,54.54545454545454
maira-2,gen_reports_as_ref,1,123,216,76.92307692307693
maira-2,gen_reports_as_ref,1,123,217,100.0
maira-2,gen_reports_as_ref,1,123,218,75.0
maira-2,gen_reports_as_ref,1,123,219,93.75
maira-2,gen_reports_as_ref,1,123,220,50.0
maira-2,gen_reports_as_ref,1,123,221,25.0
maira-2,gen_reports_as_ref,1,123,222,45.45454545454545
maira-2,gen_reports_as_ref,1,123,223,100.0
maira-2,gen_reports_as_ref,1,123,224,80.0
maira-2,gen_reports_as_ref,1,123,225,46.66666666666666
maira-2,gen_reports_as_ref,1,123,226,66.66666666666666
maira-2,gen_reports_as_ref,1,123,227,40.0
maira-2,gen_reports_as_ref,1,123,228,46.15384615384615
maira-2,gen_reports_as_ref,1,123,229,33.33333333333333
maira-2,gen_reports_as_ref,1,123,230,87.5
maira-2,gen_reports_as_ref,1,123,231,72.72727272727273
maira-2,gen_reports_as_ref,1,123,232,83.33333333333334
maira-2,gen_reports_as_ref,1,123,233,31.25
maira-2,gen_reports_as_ref,1,123,234,72.72727272727273
maira-2,gen_reports_as_ref,1,123,235,58.333333333333336
maira-2,gen_reports_as_ref,1,123,236,61.53846153846154
maira-2,gen_reports_as_ref,1,123,237,84.61538461538461
maira-2,gen_reports_as_ref,1,123,238,100.0
maira-2,gen_reports_as_ref,1,123,239,46.66666666666666
maira-2,gen_reports_as_ref,1,123,240,100.0
maira-2,gen_reports_as_ref,1,123,241,73.33333333333333
maira-2,gen_reports_as_ref,1,123,242,75.0
maira-2,gen_reports_as_ref,1,123,243,100.0
maira-2,gen_reports_as_ref,1,123,244,15.384615384615383
maira-2,gen_reports_as_ref,1,123,245,91.66666666666666
maira-2,gen_reports_as_ref,1,123,246,88.23529411764706
maira-2,gen_reports_as_ref,1,123,247,93.33333333333331
maira-2,gen_reports_as_ref,1,123,248,87.5
maira-2,gen_reports_as_ref,1,123,249,44.44444444444444
maira-2,gen_reports_as_ref,1,123,250,80.0
maira-2,gen_reports_as_ref,1,123,251,50.0
maira-2,gen_reports_as_ref,1,123,252,100.0
maira-2,gen_reports_as_ref,1,123,253,66.66666666666666
maira-2,gen_reports_as_ref,1,123,254,85.71428571428571
maira-2,gen_reports_as_ref,1,123,255,100.0
maira-2,gen_reports_as_ref,1,123,256,45.45454545454545
maira-2,gen_reports_as_ref,1,123,257,100.0
maira-2,gen_reports_as_ref,1,123,258,40.0
maira-2,gen_reports_as_ref,1,123,259,100.0
maira-2,gen_reports_as_ref,1,123,260,43.75
maira-2,gen_reports_as_ref,1,123,261,72.72727272727273
maira-2,gen_reports_as_ref,1,123,262,93.75
maira-2,gen_reports_as_ref,1,123,263,66.66666666666666
maira-2,gen_reports_as_ref,1,123,264,90.0
maira-2,gen_reports_as_ref,1,123,265,50.0
maira-2,gen_reports_as_ref,1,123,266,84.61538461538461
maira-2,gen_reports_as_ref,1,123,267,100.0
maira-2,gen_reports_as_ref,1,123,268,62.5
maira-2,gen_reports_as_ref,1,123,269,100.0
maira-2,gen_reports_as_ref,1,123,270,100.0
maira-2,gen_reports_as_ref,1,123,271,75.0
maira-2,gen_reports_as_ref,1,123,272,100.0
maira-2,gen_reports_as_ref,1,123,273,100.0
maira-2,gen_reports_as_ref,1,123,274,81.25
maira-2,gen_reports_as_ref,1,123,275,100.0
maira-2,gen_reports_as_ref,1,123,276,100.0
maira-2,gen_reports_as_ref,1,123,277,50.0
maira-2,gen_reports_as_ref,1,123,278,100.0
maira-2,gen_reports_as_ref,1,123,279,100.0
maira-2,gen_reports_as_ref,1,123,280,23.07692307692308
maira-2,gen_reports_as_ref,1,123,281,100.0
maira-2,gen_reports_as_ref,1,123,282,73.68421052631578
maira-2,gen_reports_as_ref,1,123,283,71.42857142857143
maira-2,gen_reports_as_ref,1,123,284,100.0
maira-2,gen_reports_as_ref,1,123,285,92.85714285714286
maira-2,gen_reports_as_ref,1,123,286,93.33333333333331
maira-2,gen_reports_as_ref,1,123,287,100.0
maira-2,gen_reports_as_ref,1,123,288,100.0
maira-2,gen_reports_as_ref,1,123,289,47.05882352941176
maira-2,gen_reports_as_ref,1,123,290,80.0
maira-2,gen_reports_as_ref,1,123,291,100.0
maira-2,gen_reports_as_ref,1,123,292,68.75
maira-2,gen_reports_as_ref,1,123,293,100.0
maira-2,gen_reports_as_ref,1,123,294,100.0
maira-2,gen_reports_as_ref,1,123,295,85.71428571428571
maira-2,gen_reports_as_ref,1,123,296,100.0
maira-2,gen_reports_as_ref,1,123,297,86.66666666666667
maira-2,gen_reports_as_ref,1,123,298,100.0
maira-2,gen_reports_as_ref,1,123,299,90.9090909090909
maira-2,gen_reports_as_ref,1,123,300,60.0
maira-2,gen_reports_as_ref,1,123,301,88.23529411764706
maira-2,gen_reports_as_ref,1,123,302,100.0
maira-2,gen_reports_as_ref,1,123,303,33.33333333333333
maira-2,gen_reports_as_ref,1,123,304,100.0
maira-2,gen_reports_as_ref,1,123,305,100.0
maira-2,gen_reports_as_ref,1,123,306,100.0
maira-2,gen_reports_as_ref,1,123,307,100.0
maira-2,gen_reports_as_ref,1,123,308,82.35294117647058
maira-2,gen_reports_as_ref,1,123,309,61.53846153846154
maira-2,gen_reports_as_ref,1,123,310,100.0
maira-2,gen_reports_as_ref,1,123,311,100.0
maira-2,gen_reports_as_ref,1,123,312,100.0
maira-2,gen_reports_as_ref,1,123,313,40.0
maira-2,gen_reports_as_ref,1,123,314,66.66666666666666
maira-2,gen_reports_as_ref,1,123,315,30.0
maira-2,gen_reports_as_ref,1,123,316,60.0
maira-2,gen_reports_as_ref,1,123,317,100.0
maira-2,gen_reports_as_ref,1,123,318,85.71428571428571
maira-2,gen_reports_as_ref,1,123,319,11.11111111111111
maira-2,gen_reports_as_ref,1,123,320,87.5
maira-2,gen_reports_as_ref,1,123,321,50.0
maira-2,gen_reports_as_ref,1,123,322,66.66666666666666
maira-2,gen_reports_as_ref,1,123,323,100.0
maira-2,gen_reports_as_ref,1,123,324,53.333333333333336
maira-2,gen_reports_as_ref,1,123,325,81.81818181818183
maira-2,gen_reports_as_ref,1,123,326,100.0
maira-2,gen_reports_as_ref,1,123,327,100.0
maira-2,gen_reports_as_ref,1,123,328,100.0
maira-2,gen_reports_as_ref,1,123,329,76.47058823529412
maira-2,gen_reports_as_ref,1,123,330,53.333333333333336
maira-2,gen_reports_as_ref,1,123,331,100.0
maira-2,gen_reports_as_ref,1,123,332,100.0
maira-2,gen_reports_as_ref,1,123,333,100.0
maira-2,gen_reports_as_ref,1,123,334,91.66666666666666
maira-2,gen_reports_as_ref,1,123,335,100.0
maira-2,gen_reports_as_ref,1,123,336,57.14285714285714
maira-2,gen_reports_as_ref,1,123,337,100.0
maira-2,gen_reports_as_ref,1,123,338,72.72727272727273
maira-2,gen_reports_as_ref,1,123,339,50.0
maira-2,gen_reports_as_ref,1,123,340,50.0
maira-2,gen_reports_as_ref,1,123,341,100.0
maira-2,gen_reports_as_ref,1,123,342,100.0
maira-2,gen_reports_as_ref,1,123,343,58.333333333333336
maira-2,gen_reports_as_ref,1,123,344,60.0
maira-2,gen_reports_as_ref,1,123,345,100.0
maira-2,gen_reports_as_ref,1,123,346,85.71428571428571
maira-2,gen_reports_as_ref,1,123,347,18.181818181818183
maira-2,gen_reports_as_ref,1,123,348,50.0
maira-2,gen_reports_as_ref,1,123,349,100.0
maira-2,gen_reports_as_ref,1,123,350,50.0
maira-2,gen_reports_as_ref,1,123,351,54.16666666666666
maira-2,gen_reports_as_ref,1,123,352,20.0
maira-2,gen_reports_as_ref,1,123,353,100.0
maira-2,gen_reports_as_ref,1,123,354,70.0
maira-2,gen_reports_as_ref,1,123,355,40.0
maira-2,gen_reports_as_ref,1,123,356,37.5
maira-2,gen_reports_as_ref,1,123,357,90.9090909090909
maira-2,gen_reports_as_ref,1,123,358,54.54545454545454
maira-2,gen_reports_as_ref,1,123,359,94.11764705882352
maira-2,gen_reports_as_ref,1,123,360,45.45454545454545
maira-2,gen_reports_as_ref,1,123,361,85.71428571428571
maira-2,gen_reports_as_ref,1,123,362,68.75
maira-2,gen_reports_as_ref,1,123,363,100.0
maira-2,gen_reports_as_ref,1,123,364,80.0
maira-2,gen_reports_as_ref,1,123,365,66.66666666666666
maira-2,gen_reports_as_ref,1,123,366,100.0
maira-2,gen_reports_as_ref,1,123,367,71.42857142857143
maira-2,gen_reports_as_ref,1,123,368,100.0
maira-2,gen_reports_as_ref,1,123,369,88.23529411764706
maira-2,gen_reports_as_ref,1,123,370,100.0
maira-2,gen_reports_as_ref,1,123,371,90.0
maira-2,gen_reports_as_ref,1,123,372,100.0
maira-2,gen_reports_as_ref,1,123,373,80.0
maira-2,gen_reports_as_ref,1,123,374,100.0
maira-2,gen_reports_as_ref,1,123,375,76.19047619047619
maira-2,gen_reports_as_ref,1,123,376,70.0
maira-2,gen_reports_as_ref,1,123,377,86.66666666666667
maira-2,gen_reports_as_ref,1,123,378,80.0
maira-2,gen_reports_as_ref,1,123,379,86.66666666666667
maira-2,gen_reports_as_ref,1,123,380,100.0
maira-2,gen_reports_as_ref,1,123,381,73.33333333333333
maira-2,gen_reports_as_ref,1,123,382,54.54545454545454
maira-2,gen_reports_as_ref,1,123,383,88.88888888888889
maira-2,gen_reports_as_ref,1,123,384,73.33333333333333
maira-2,gen_reports_as_ref,1,123,385,100.0
maira-2,gen_reports_as_ref,1,123,386,71.42857142857143
maira-2,gen_reports_as_ref,1,123,387,100.0
maira-2,gen_reports_as_ref,1,123,388,100.0
maira-2,gen_reports_as_ref,1,123,389,58.82352941176471
maira-2,gen_reports_as_ref,1,123,390,100.0
maira-2,gen_reports_as_ref,1,123,391,60.0
maira-2,gen_reports_as_ref,1,123,392,90.0
maira-2,gen_reports_as_ref,1,123,393,63.63636363636363
maira-2,gen_reports_as_ref,1,123,394,53.84615384615385
maira-2,gen_reports_as_ref,1,123,395,100.0
maira-2,gen_reports_as_ref,1,123,396,69.23076923076923
maira-2,gen_reports_as_ref,1,123,397,63.63636363636363
maira-2,gen_reports_as_ref,1,123,398,86.66666666666667
maira-2,gen_reports_as_ref,1,123,399,63.63636363636363
maira-2,gen_reports_as_ref,1,123,400,94.44444444444444
maira-2,gen_reports_as_ref,1,123,401,100.0
maira-2,gen_reports_as_ref,1,123,402,78.57142857142857
maira-2,gen_reports_as_ref,1,123,403,100.0
maira-2,gen_reports_as_ref,1,123,404,100.0
maira-2,gen_reports_as_ref,1,123,405,100.0
maira-2,gen_reports_as_ref,1,123,406,90.0
maira-2,gen_reports_as_ref,1,123,407,83.33333333333334
maira-2,gen_reports_as_ref,1,123,408,100.0
maira-2,gen_reports_as_ref,1,123,409,54.54545454545454
maira-2,gen_reports_as_ref,1,123,410,42.85714285714285
maira-2,gen_reports_as_ref,1,123,411,100.0
maira-2,gen_reports_as_ref,1,123,412,55.55555555555556
maira-2,gen_reports_as_ref,1,123,413,50.0
maira-2,gen_reports_as_ref,1,123,414,100.0
maira-2,gen_reports_as_ref,1,123,415,27.27272727272727
maira-2,gen_reports_as_ref,1,123,416,61.53846153846154
maira-2,gen_reports_as_ref,1,123,417,100.0
maira-2,gen_reports_as_ref,1,123,418,61.53846153846154
maira-2,gen_reports_as_ref,1,123,419,100.0
maira-2,gen_reports_as_ref,1,123,420,76.92307692307693
maira-2,gen_reports_as_ref,1,123,421,64.28571428571429
maira-2,gen_reports_as_ref,1,123,422,78.57142857142857
maira-2,gen_reports_as_ref,1,123,423,100.0
maira-2,gen_reports_as_ref,1,123,424,94.11764705882352
maira-2,gen_reports_as_ref,1,123,425,100.0
maira-2,gen_reports_as_ref,1,123,426,58.333333333333336
maira-2,gen_reports_as_ref,1,123,427,100.0
maira-2,gen_reports_as_ref,1,123,428,50.0
maira-2,gen_reports_as_ref,1,123,429,100.0
maira-2,gen_reports_as_ref,1,123,430,57.14285714285714
maira-2,gen_reports_as_ref,1,123,431,75.0
maira-2,gen_reports_as_ref,1,123,432,15.384615384615383
maira-2,gen_reports_as_ref,1,123,433,88.23529411764706
maira-2,gen_reports_as_ref,1,123,434,55.00000000000001
maira-2,gen_reports_as_ref,1,123,435,66.66666666666666
maira-2,gen_reports_as_ref,1,123,436,75.0
maira-2,gen_reports_as_ref,1,123,437,100.0
maira-2,gen_reports_as_ref,1,123,438,88.88888888888889
maira-2,gen_reports_as_ref,1,123,439,50.0
maira-2,gen_reports_as_ref,1,123,440,87.5
maira-2,gen_reports_as_ref,1,123,441,50.0
maira-2,gen_reports_as_ref,1,123,442,50.0
maira-2,gen_reports_as_ref,1,123,443,66.66666666666666
maira-2,gen_reports_as_ref,1,123,444,100.0
maira-2,gen_reports_as_ref,1,123,445,100.0
maira-2,gen_reports_as_ref,1,123,446,76.92307692307693
maira-2,gen_reports_as_ref,1,123,447,26.666666666666668
maira-2,gen_reports_as_ref,1,123,448,45.45454545454545
maira-2,gen_reports_as_ref,1,123,449,33.33333333333333
maira-2,gen_reports_as_ref,1,123,450,88.88888888888889
maira-2,gen_reports_as_ref,1,123,451,25.0
maira-2,gen_reports_as_ref,1,123,452,100.0
maira-2,gen_reports_as_ref,1,123,453,47.05882352941176
maira-2,gen_reports_as_ref,1,123,454,100.0
maira-2,gen_reports_as_ref,1,123,455,77.77777777777779
maira-2,gen_reports_as_ref,1,123,456,92.3076923076923
maira-2,gen_reports_as_ref,1,123,457,100.0
maira-2,gen_reports_as_ref,1,123,458,36.36363636363637
maira-2,gen_reports_as_ref,1,123,459,100.0
maira-2,gen_reports_as_ref,1,123,460,100.0
maira-2,gen_reports_as_ref,1,123,461,100.0
maira-2,gen_reports_as_ref,1,123,462,80.0
maira-2,gen_reports_as_ref,1,123,463,75.0
maira-2,gen_reports_as_ref,1,123,464,100.0
maira-2,gen_reports_as_ref,1,123,465,86.66666666666667
maira-2,gen_reports_as_ref,1,123,466,53.84615384615385
maira-2,gen_reports_as_ref,1,123,467,60.0
maira-2,gen_reports_as_ref,1,123,468,100.0
maira-2,gen_reports_as_ref,1,123,469,80.0
maira-2,gen_reports_as_ref,1,123,470,94.44444444444444
maira-2,gen_reports_as_ref,1,123,471,100.0
maira-2,gen_reports_as_ref,1,123,472,61.53846153846154
maira-2,gen_reports_as_ref,1,123,473,33.33333333333333
maira-2,gen_reports_as_ref,1,123,474,88.88888888888889
maira-2,gen_reports_as_ref,1,123,475,75.0
maira-2,gen_reports_as_ref,1,123,476,30.76923076923077
maira-2,gen_reports_as_ref,1,123,477,88.88888888888889
maira-2,gen_reports_as_ref,1,123,478,21.428571428571427
maira-2,gen_reports_as_ref,1,123,479,100.0
maira-2,gen_reports_as_ref,1,123,480,100.0
maira-2,gen_reports_as_ref,1,123,481,71.42857142857143
maira-2,gen_reports_as_ref,1,123,482,33.33333333333333
maira-2,gen_reports_as_ref,1,123,483,100.0
maira-2,gen_reports_as_ref,1,123,484,100.0
maira-2,gen_reports_as_ref,1,123,485,80.0
maira-2,gen_reports_as_ref,1,123,486,90.0
maira-2,gen_reports_as_ref,1,123,487,42.85714285714285
maira-2,gen_reports_as_ref,1,123,488,100.0
maira-2,gen_reports_as_ref,1,123,489,100.0
maira-2,gen_reports_as_ref,1,123,490,100.0
maira-2,gen_reports_as_ref,1,123,491,92.3076923076923
maira-2,gen_reports_as_ref,1,123,492,75.0
maira-2,gen_reports_as_ref,1,123,493,87.5
maira-2,gen_reports_as_ref,1,123,494,100.0
maira-2,gen_reports_as_ref,1,123,495,57.14285714285714
maira-2,gen_reports_as_ref,1,123,496,75.0
maira-2,gen_reports_as_ref,1,123,497,53.84615384615385
maira-2,gen_reports_as_ref,1,123,498,63.63636363636363
maira-2,gen_reports_as_ref,1,123,499,70.0
maira-2,gen_reports_as_ref,1,123,500,41.66666666666667
maira-2,gen_reports_as_ref,1,123,501,83.33333333333334
maira-2,gen_reports_as_ref,1,123,502,83.33333333333334
maira-2,gen_reports_as_ref,1,123,503,100.0
maira-2,gen_reports_as_ref,1,123,504,54.54545454545454
maira-2,gen_reports_as_ref,1,123,505,100.0
maira-2,gen_reports_as_ref,1,123,506,100.0
maira-2,gen_reports_as_ref,1,123,507,54.54545454545454
maira-2,gen_reports_as_ref,1,123,508,100.0
maira-2,gen_reports_as_ref,1,123,509,66.66666666666666
maira-2,gen_reports_as_ref,1,123,510,93.75
maira-2,gen_reports_as_ref,1,123,511,100.0
maira-2,gen_reports_as_ref,1,123,512,86.66666666666667
maira-2,gen_reports_as_ref,1,123,513,100.0
maira-2,gen_reports_as_ref,1,123,514,83.33333333333334
maira-2,gen_reports_as_ref,1,123,515,58.333333333333336
maira-2,gen_reports_as_ref,1,123,516,100.0
maira-2,gen_reports_as_ref,1,123,517,94.44444444444444
maira-2,gen_reports_as_ref,1,123,518,45.45454545454545
maira-2,gen_reports_as_ref,1,123,519,20.0
maira-2,gen_reports_as_ref,1,123,520,50.0
maira-2,gen_reports_as_ref,1,123,521,80.0
maira-2,gen_reports_as_ref,1,123,522,91.66666666666666
maira-2,gen_reports_as_ref,1,123,523,100.0
maira-2,gen_reports_as_ref,1,123,524,100.0
maira-2,gen_reports_as_ref,1,123,525,94.11764705882352
maira-2,gen_reports_as_ref,1,123,526,7.6923076923076925
maira-2,gen_reports_as_ref,1,123,527,80.0
maira-2,gen_reports_as_ref,1,123,528,100.0
maira-2,gen_reports_as_ref,1,123,529,92.85714285714286
maira-2,gen_reports_as_ref,1,123,530,36.36363636363637
maira-2,gen_reports_as_ref,1,123,531,82.35294117647058
maira-2,gen_reports_as_ref,1,123,532,0.0
maira-2,gen_reports_as_ref,1,123,533,52.94117647058824
maira-2,gen_reports_as_ref,1,123,534,55.55555555555556
maira-2,gen_reports_as_ref,1,123,535,38.46153846153847
maira-2,gen_reports_as_ref,1,123,536,94.73684210526316
maira-2,gen_reports_as_ref,1,123,537,26.666666666666668
maira-2,gen_reports_as_ref,1,123,538,25.0
maira-2,gen_reports_as_ref,1,123,539,94.44444444444444
maira-2,gen_reports_as_ref,1,123,540,70.0
maira-2,gen_reports_as_ref,1,123,541,100.0
maira-2,gen_reports_as_ref,1,123,542,68.75
maira-2,gen_reports_as_ref,1,123,543,100.0
maira-2,gen_reports_as_ref,1,123,544,100.0
maira-2,gen_reports_as_ref,1,123,545,40.0
maira-2,gen_reports_as_ref,1,123,546,93.33333333333331
maira-2,gen_reports_as_ref,1,123,547,82.35294117647058
maira-2,gen_reports_as_ref,1,123,548,61.53846153846154
maira-2,gen_reports_as_ref,1,123,549,57.14285714285714
maira-2,gen_reports_as_ref,1,123,550,100.0
maira-2,gen_reports_as_ref,1,123,551,93.33333333333331
maira-2,gen_reports_as_ref,1,123,552,94.44444444444444
maira-2,gen_reports_as_ref,1,123,553,57.89473684210527
maira-2,gen_reports_as_ref,1,123,554,60.0
maira-2,gen_reports_as_ref,1,123,555,88.23529411764706
maira-2,gen_reports_as_ref,1,123,556,42.85714285714285
maira-2,gen_reports_as_ref,1,123,557,88.23529411764706
maira-2,gen_reports_as_ref,1,123,558,83.33333333333334
maira-2,gen_reports_as_ref,1,123,559,77.77777777777779
maira-2,gen_reports_as_ref,1,123,560,94.11764705882352
maira-2,gen_reports_as_ref,1,123,561,54.54545454545454
maira-2,gen_reports_as_ref,1,123,562,42.85714285714285
maira-2,gen_reports_as_ref,1,123,563,93.33333333333331
maira-2,gen_reports_as_ref,1,123,564,100.0
maira-2,gen_reports_as_ref,1,123,565,22.22222222222222
maira-2,gen_reports_as_ref,1,123,566,93.75
maira-2,gen_reports_as_ref,1,123,567,93.75
maira-2,gen_reports_as_ref,1,123,568,18.181818181818183
maira-2,gen_reports_as_ref,1,123,569,58.82352941176471
maira-2,gen_reports_as_ref,1,123,570,36.84210526315789
maira-2,gen_reports_as_ref,1,123,571,60.0
maira-2,gen_reports_as_ref,1,123,572,88.23529411764706
maira-2,gen_reports_as_ref,1,123,573,86.66666666666667
maira-2,gen_reports_as_ref,1,123,574,100.0
maira-2,gen_reports_as_ref,1,123,575,100.0
maira-2,gen_reports_as_ref,1,123,576,61.53846153846154
maira-2,gen_reports_as_ref,1,123,577,100.0
maira-2,gen_reports_as_ref,1,123,578,61.53846153846154
maira-2,gen_reports_as_ref,1,123,579,94.73684210526316
maira-2,gen_reports_as_ref,1,123,580,75.0
maira-2,gen_reports_as_ref,1,123,581,88.88888888888889
maira-2,gen_reports_as_ref,1,123,582,57.14285714285714
maira-2,gen_reports_as_ref,1,123,583,18.75
maira-2,gen_reports_as_ref,1,123,584,69.23076923076923
maira-2,gen_reports_as_ref,1,123,585,88.88888888888889
maira-2,gen_reports_as_ref,1,123,586,68.75
maira-2,gen_reports_as_ref,1,123,587,50.0
maira-2,gen_reports_as_ref,1,123,588,81.25
maira-2,gen_reports_as_ref,1,123,589,85.71428571428571
